{"stats":{"minecraft:used":{"minecraft:crafting_table":2,"minecraft:stone_pickaxe":68,"minecraft:wooden_pickaxe":17,"minecraft:wooden_shovel":3},"minecraft:picked_up":{"minecraft:crafting_table":1,"minecraft:stone_axe":1,"minecraft:granite":5,"minecraft:wooden_shovel":1,"minecraft:coal":22,"minecraft:spruce_log":7,"minecraft:snowball":2,"minecraft:dirt":4,"minecraft:cobblestone":63},"minecraft:custom":{"minecraft:time_since_rest":14886,"minecraft:play_time":14886,"minecraft:sprint_one_cm":3683,"minecraft:damage_taken":98,"minecraft:walk_one_cm":18640,"minecraft:walk_under_water_one_cm":1328,"minecraft:drop":2,"minecraft:jump":60,"minecraft:time_since_death":14886,"minecraft:walk_on_water_one_cm":617,"minecraft:total_world_time":14886,"minecraft:swim_one_cm":150,"minecraft:fall_one_cm":269,"minecraft:interact_with_crafting_table":6,"minecraft:fly_one_cm":1908},"minecraft:dropped":{"minecraft:stone_axe":1,"minecraft:wooden_shovel":1},"minecraft:mined":{"minecraft:granite":5,"minecraft:coal_ore":22,"minecraft:dirt":4,"minecraft:spruce_log":7,"minecraft:stone":57,"minecraft:crafting_table":1},"minecraft:crafted":{"minecraft:stone_sword":1,"minecraft:wooden_sword":1,"minecraft:wooden_shovel":1,"minecraft:torch":24,"minecraft:stone_axe":1,"minecraft:crafting_table":1,"minecraft:spruce_planks":28,"minecraft:stick":24,"minecraft:stone_pickaxe":1,"minecraft:wooden_pickaxe":1,"minecraft:wooden_axe":1}},"DataVersion":4082}