{"stats":{"minecraft:custom":{"minecraft:interact_with_furnace":9,"minecraft:mob_kills":14,"minecraft:interact_with_crafting_table":11,"minecraft:interact_with_loom":1,"minecraft:leave_game":3,"minecraft:time_since_death":0,"minecraft:sleep_in_bed":8,"minecraft:climb_one_cm":401,"minecraft:time_since_rest":7,"minecraft:sprint_one_cm":194733,"minecraft:damage_taken":1507,"minecraft:walk_one_cm":543677,"minecraft:drop":75,"minecraft:damage_dealt":1602,"minecraft:swim_one_cm":150,"minecraft:fly_one_cm":116888,"minecraft:open_chest":16,"minecraft:crouch_one_cm":3502,"minecraft:play_time":211790,"minecraft:deaths":2,"minecraft:sneak_time":2732,"minecraft:walk_under_water_one_cm":1751,"minecraft:jump":2109,"minecraft:walk_on_water_one_cm":4295,"minecraft:total_world_time":211790,"minecraft:fall_one_cm":37811},"minecraft:picked_up":{"minecraft:crafting_table":2,"minecraft:coarse_dirt":3,"minecraft:azure_bluet":1,"minecraft:raiser_armor_trim_smithing_template":1,"minecraft:leather":2,"minecraft:brown_mushroom":6,"minecraft:wooden_pickaxe":1,"minecraft:potato":11,"minecraft:flint":70,"minecraft:cornflower":2,"minecraft:paper":11,"minecraft:dirt":59,"minecraft:raw_copper":76,"minecraft:cooked_salmon":3,"minecraft:compass":1,"minecraft:wheat_seeds":20,"minecraft:spruce_planks":7,"minecraft:beef":4,"minecraft:stone_pickaxe":4,"minecraft:poppy":2,"minecraft:iron_nugget":21,"minecraft:wooden_shovel":2,"minecraft:stone_hoe":1,"minecraft:egg":1,"minecraft:furnace":2,"minecraft:raw_iron":11,"minecraft:stick":9,"minecraft:cooked_porkchop":3,"minecraft:pumpkin":4,"minecraft:sweet_berries":39,"minecraft:brush":2,"minecraft:torch":17,"minecraft:dandelion":23,"minecraft:gravel":220,"minecraft:porkchop":5,"minecraft:spruce_sapling":1,"minecraft:diorite":2,"minecraft:carrot":1,"minecraft:spruce_log":18,"minecraft:rotten_flesh":1,"minecraft:stone_sword":1,"minecraft:purple_bed":8,"minecraft:stone_shovel":1,"minecraft:stone_axe":2,"minecraft:granite":6,"minecraft:golden_apple":1,"minecraft:gray_wool":2,"minecraft:bread":3,"minecraft:glistering_melon_slice":7,"minecraft:obsidian":2,"minecraft:mutton":5,"minecraft:coal":195,"minecraft:snowball":5,"minecraft:white_wool":1,"minecraft:cobblestone":230,"minecraft:oxeye_daisy":3},"minecraft:used":{"minecraft:cooked_mutton":1,"minecraft:stone_sword":66,"minecraft:stone_pickaxe":311,"minecraft:stone_shovel":11,"minecraft:poppy":2,"minecraft:chest":1,"minecraft:wooden_pickaxe":25,"minecraft:cooked_salmon":5,"minecraft:wooden_shovel":3,"minecraft:stone_hoe":66,"minecraft:torch":37,"minecraft:dirt":1,"minecraft:crafting_table":4,"minecraft:azure_bluet":1,"minecraft:snowball":1,"minecraft:cornflower":2,"minecraft:oxeye_daisy":3,"minecraft:bread":4,"minecraft:stone_axe":19,"minecraft:cobblestone":50,"minecraft:purple_bed":7,"minecraft:furnace":2,"minecraft:cooked_porkchop":7,"minecraft:brush":52,"minecraft:dandelion":22},"minecraft:killed":{"minecraft:pig":4,"minecraft:zombie_villager":1,"minecraft:sheep":2,"minecraft:skeleton":1,"minecraft:zombie":3,"minecraft:cow":2},"minecraft:dropped":{"minecraft:gravel":121,"minecraft:stone_axe":1,"minecraft:coarse_dirt":3,"minecraft:leather":2,"minecraft:raiser_armor_trim_smithing_template":1,"minecraft:torch":20,"minecraft:wooden_shovel":1,"minecraft:pumpkin":4,"minecraft:stone_pickaxe":1,"minecraft:spruce_sapling":1},"minecraft:mined":{"minecraft:brown_mushroom":3,"minecraft:dandelion":22,"minecraft:cornflower":2,"minecraft:crafting_table":3,"minecraft:glow_lichen":1,"minecraft:granite":7,"minecraft:short_grass":198,"minecraft:grass_block":3,"minecraft:poppy":2,"minecraft:copper_ore":10,"minecraft:spruce_leaves":32,"minecraft:diorite":2,"minecraft:oxeye_daisy":3,"minecraft:wall_torch":1,"minecraft:large_fern":3,"minecraft:purple_bed":7,"minecraft:furnace":1,"minecraft:iron_ore":11,"minecraft:spruce_log":14,"minecraft:pumpkin":4,"minecraft:azure_bluet":1,"minecraft:coal_ore":114,"minecraft:gravel":12,"minecraft:dirt":7,"minecraft:stone":159,"minecraft:fern":1},"minecraft:crafted":{"minecraft:wooden_sword":1,"minecraft:wooden_shovel":1,"minecraft:stone_shovel":1,"minecraft:cooked_porkchop":5,"minecraft:crafting_table":2,"minecraft:spruce_planks":56,"minecraft:wooden_pickaxe":1,"minecraft:furnace":1,"minecraft:cooked_salmon":2,"minecraft:stone_axe":1,"minecraft:cooked_mutton":1,"minecraft:stick":32,"minecraft:stone_pickaxe":3,"minecraft:wooden_axe":1,"minecraft:stone_sword":1,"minecraft:chest":1,"minecraft:torch":60},"minecraft:killed_by":{"minecraft:zombie":1},"minecraft:broken":{"minecraft:stone_pickaxe":1}},"DataVersion":4082}