{"stats":{"minecraft:used":{"minecraft:crafting_table":1},"minecraft:picked_up":{"minecraft:crafting_table":1,"minecraft:spruce_log":7},"minecraft:custom":{"minecraft:jump":3,"minecraft:time_since_rest":2886,"minecraft:play_time":2886,"minecraft:time_since_death":2886,"minecraft:walk_one_cm":5079,"minecraft:total_world_time":2886,"minecraft:interact_with_crafting_table":2,"minecraft:fall_one_cm":269},"minecraft:mined":{"minecraft:spruce_log":7,"minecraft:crafting_table":1},"minecraft:crafted":{"minecraft:wooden_sword":1,"minecraft:crafting_table":1,"minecraft:spruce_planks":24,"minecraft:stick":8,"minecraft:wooden_shovel":1,"minecraft:wooden_pickaxe":1,"minecraft:wooden_axe":1}},"DataVersion":4082}