{"stats":{"minecraft:custom":{"minecraft:interact_with_furnace":8,"minecraft:mob_kills":10,"minecraft:interact_with_crafting_table":10,"minecraft:interact_with_loom":1,"minecraft:leave_game":1,"minecraft:time_since_death":136522,"minecraft:sleep_in_bed":4,"minecraft:climb_one_cm":401,"minecraft:time_since_rest":8260,"minecraft:sprint_one_cm":127711,"minecraft:damage_taken":789,"minecraft:walk_one_cm":333250,"minecraft:drop":73,"minecraft:damage_dealt":965,"minecraft:swim_one_cm":150,"minecraft:fly_one_cm":60434,"minecraft:open_chest":6,"minecraft:crouch_one_cm":1727,"minecraft:play_time":136522,"minecraft:sneak_time":1709,"minecraft:walk_under_water_one_cm":1328,"minecraft:jump":1320,"minecraft:walk_on_water_one_cm":1968,"minecraft:total_world_time":136522,"minecraft:fall_one_cm":20715},"minecraft:used":{"minecraft:cooked_mutton":1,"minecraft:stone_sword":51,"minecraft:stone_shovel":11,"minecraft:stone_pickaxe":244,"minecraft:wooden_pickaxe":25,"minecraft:wooden_shovel":3,"minecraft:cooked_salmon":5,"minecraft:torch":19,"minecraft:crafting_table":4,"minecraft:stone_axe":19,"minecraft:cobblestone":12,"minecraft:purple_bed":5,"minecraft:furnace":1,"minecraft:cooked_porkchop":4,"minecraft:brush":52},"minecraft:picked_up":{"minecraft:coarse_dirt":3,"minecraft:crafting_table":2,"minecraft:raiser_armor_trim_smithing_template":1,"minecraft:leather":2,"minecraft:brown_mushroom":3,"minecraft:flint":34,"minecraft:dirt":28,"minecraft:raw_copper":37,"minecraft:cooked_salmon":3,"minecraft:beef":2,"minecraft:wooden_shovel":1,"minecraft:egg":1,"minecraft:furnace":1,"minecraft:pumpkin":4,"minecraft:sweet_berries":12,"minecraft:brush":1,"minecraft:torch":2,"minecraft:gravel":156,"minecraft:porkchop":5,"minecraft:spruce_sapling":1,"minecraft:spruce_log":14,"minecraft:purple_bed":6,"minecraft:stone_axe":1,"minecraft:granite":5,"minecraft:gray_wool":1,"minecraft:mutton":3,"minecraft:coal":91,"minecraft:snowball":2,"minecraft:white_wool":1,"minecraft:cobblestone":140},"minecraft:killed":{"minecraft:pig":4,"minecraft:zombie_villager":1,"minecraft:sheep":2,"minecraft:skeleton":1,"minecraft:cow":2},"minecraft:dropped":{"minecraft:gravel":121,"minecraft:stone_axe":1,"minecraft:coarse_dirt":3,"minecraft:leather":2,"minecraft:raiser_armor_trim_smithing_template":1,"minecraft:wooden_shovel":1,"minecraft:pumpkin":4,"minecraft:spruce_sapling":1},"minecraft:mined":{"minecraft:brown_mushroom":3,"minecraft:crafting_table":3,"minecraft:glow_lichen":1,"minecraft:granite":5,"minecraft:short_grass":1,"minecraft:grass_block":1,"minecraft:copper_ore":9,"minecraft:spruce_leaves":32,"minecraft:wall_torch":1,"minecraft:large_fern":3,"minecraft:purple_bed":6,"minecraft:furnace":1,"minecraft:spruce_log":14,"minecraft:pumpkin":4,"minecraft:coal_ore":90,"minecraft:gravel":11,"minecraft:dirt":6,"minecraft:stone":134,"minecraft:fern":1},"minecraft:crafted":{"minecraft:wooden_sword":1,"minecraft:wooden_shovel":1,"minecraft:stone_shovel":1,"minecraft:cooked_porkchop":5,"minecraft:crafting_table":2,"minecraft:spruce_planks":40,"minecraft:wooden_pickaxe":1,"minecraft:furnace":1,"minecraft:cooked_salmon":2,"minecraft:stone_axe":1,"minecraft:cooked_mutton":1,"minecraft:stick":32,"minecraft:stone_pickaxe":3,"minecraft:wooden_axe":1,"minecraft:stone_sword":1,"minecraft:torch":32},"minecraft:broken":{"minecraft:stone_pickaxe":1}},"DataVersion":4082}