{"stats":{"minecraft:custom":{"minecraft:mob_kills":26,"minecraft:interact_with_crafting_table":41,"minecraft:leave_game":3,"minecraft:time_since_death":76485,"minecraft:climb_one_cm":401,"minecraft:sprint_one_cm":338146,"minecraft:walk_one_cm":882009,"minecraft:damage_blocked_by_shield":315,"minecraft:drop":80,"minecraft:play_time":343790,"minecraft:deaths":5,"minecraft:sneak_time":6962,"minecraft:walk_under_water_one_cm":2923,"minecraft:jump":3340,"minecraft:walk_on_water_one_cm":11660,"minecraft:total_world_time":343790,"minecraft:interact_with_furnace":16,"minecraft:interact_with_loom":1,"minecraft:sleep_in_bed":16,"minecraft:time_since_rest":12469,"minecraft:damage_taken":2368,"minecraft:damage_dealt":2723,"minecraft:swim_one_cm":150,"minecraft:fly_one_cm":260495,"minecraft:open_chest":79,"minecraft:crouch_one_cm":10691,"minecraft:fall_one_cm":65473},"minecraft:used":{"minecraft:stone_sword":66,"minecraft:stone_shovel":11,"minecraft:poppy":2,"minecraft:chest":1,"minecraft:shield":3,"minecraft:iron_sword":40,"minecraft:wooden_shovel":3,"minecraft:cooked_salmon":5,"minecraft:stone_hoe":66,"minecraft:torch":37,"minecraft:dirt":2,"minecraft:carrot":16,"minecraft:snowball":1,"minecraft:azure_bluet":1,"minecraft:glass":14,"minecraft:oak_stairs":2,"minecraft:furnace":2,"minecraft:potato":180,"minecraft:wheat_seeds":169,"minecraft:cooked_mutton":1,"minecraft:stone_pickaxe":311,"minecraft:oak_planks":180,"minecraft:wooden_pickaxe":25,"minecraft:crafting_table":4,"minecraft:cornflower":2,"minecraft:apple":1,"minecraft:oxeye_daisy":3,"minecraft:bread":7,"minecraft:stone_axe":169,"minecraft:pink_petals":34,"minecraft:cobblestone":50,"minecraft:cherry_stairs":4,"minecraft:purple_bed":7,"minecraft:cooked_porkchop":7,"minecraft:brush":52,"minecraft:dandelion":22},"minecraft:picked_up":{"minecraft:iron_chestplate":1,"minecraft:coarse_dirt":3,"minecraft:crafting_table":2,"minecraft:wheat":81,"minecraft:azure_bluet":1,"minecraft:chicken":2,"minecraft:brown_mushroom":6,"minecraft:wooden_pickaxe":2,"minecraft:shield":1,"minecraft:cornflower":2,"minecraft:raw_copper":78,"minecraft:iron_axe":1,"minecraft:cooked_salmon":3,"minecraft:iron_leggings":1,"minecraft:compass":1,"minecraft:spruce_planks":46,"minecraft:beef":13,"minecraft:wooden_shovel":3,"minecraft:iron_nugget":21,"minecraft:poppy":2,"minecraft:iron_pickaxe":1,"minecraft:iron_boots":1,"minecraft:furnace":2,"minecraft:egg":1,"minecraft:stick":41,"minecraft:raw_iron":22,"minecraft:cherry_stairs":4,"minecraft:torch":22,"minecraft:porkchop":5,"minecraft:diorite":4,"minecraft:carrot":17,"minecraft:stone_sword":2,"minecraft:stone_shovel":3,"minecraft:rotten_flesh":16,"minecraft:glistering_melon_slice":7,"minecraft:mutton":12,"minecraft:obsidian":2,"minecraft:snowball":5,"minecraft:white_wool":5,"minecraft:cobblestone":342,"minecraft:oxeye_daisy":3,"minecraft:birch_log":22,"minecraft:pink_petals":85,"minecraft:feather":1,"minecraft:raiser_armor_trim_smithing_template":1,"minecraft:cherry_planks":28,"minecraft:leather":5,"minecraft:potato":300,"minecraft:flint":70,"minecraft:oak_log":79,"minecraft:dirt":67,"minecraft:paper":11,"minecraft:name_tag":1,"minecraft:apple":1,"minecraft:wheat_seeds":244,"minecraft:iron_ingot":5,"minecraft:stone_pickaxe":7,"minecraft:oak_planks":59,"minecraft:stone_hoe":3,"minecraft:iron_sword":3,"minecraft:pumpkin":4,"minecraft:cooked_porkchop":4,"minecraft:sweet_berries":49,"minecraft:brush":2,"minecraft:dandelion":24,"minecraft:gravel":220,"minecraft:sand":24,"minecraft:spruce_sapling":5,"minecraft:spruce_log":24,"minecraft:purple_bed":8,"minecraft:stone_axe":2,"minecraft:iron_helmet":1,"minecraft:granite":7,"minecraft:golden_apple":1,"minecraft:gray_wool":2,"minecraft:bread":4,"minecraft:oak_sapling":2,"minecraft:coal":229},"minecraft:killed":{"minecraft:skeleton":1,"minecraft:chicken":2,"minecraft:pig":4,"minecraft:zombie_villager":1,"minecraft:sheep":6,"minecraft:zombie":3,"minecraft:cow":6},"minecraft:dropped":{"minecraft:stone_hoe":1,"minecraft:iron_sword":1,"minecraft:leather":2,"minecraft:torch":20,"minecraft:pumpkin":4,"minecraft:spruce_sapling":1,"minecraft:gravel":121,"minecraft:stone_axe":1,"minecraft:oak_trapdoor":2,"minecraft:coarse_dirt":3,"minecraft:oak_planks":1,"minecraft:raiser_armor_trim_smithing_template":1,"minecraft:wooden_shovel":1,"minecraft:stone_pickaxe":1},"minecraft:mined":{"minecraft:glow_lichen":1,"minecraft:granite":7,"minecraft:grass_block":10,"minecraft:spruce_leaves":51,"minecraft:oxeye_daisy":3,"minecraft:large_fern":3,"minecraft:furnace":1,"minecraft:carrots":4,"minecraft:iron_ore":11,"minecraft:pumpkin":4,"minecraft:azure_bluet":1,"minecraft:potatoes":78,"minecraft:stone":159,"minecraft:brown_mushroom":3,"minecraft:dandelion":22,"minecraft:crafting_table":3,"minecraft:cornflower":2,"minecraft:short_grass":212,"minecraft:poppy":2,"minecraft:copper_ore":10,"minecraft:tall_grass":2,"minecraft:oak_planks":24,"minecraft:diorite":2,"minecraft:wall_torch":1,"minecraft:pink_petals":33,"minecraft:purple_bed":7,"minecraft:birch_log":22,"minecraft:wheat":83,"minecraft:spruce_log":20,"minecraft:birch_leaves":1,"minecraft:coal_ore":114,"minecraft:oak_log":78,"minecraft:gravel":12,"minecraft:sand":24,"minecraft:dirt":8,"minecraft:oak_leaves":55,"minecraft:fern":1},"minecraft:crafted":{"minecraft:wooden_sword":1,"minecraft:oak_planks":316,"minecraft:stone_shovel":1,"minecraft:oak_sign":3,"minecraft:furnace":1,"minecraft:cherry_boat":1,"minecraft:cooked_mutton":8,"minecraft:oak_trapdoor":4,"minecraft:glass":24,"minecraft:hopper":1,"minecraft:stone_pickaxe":3,"minecraft:chest":4,"minecraft:stone_hoe":1,"minecraft:cooked_beef":9,"minecraft:wooden_shovel":1,"minecraft:cooked_porkchop":5,"minecraft:crafting_table":2,"minecraft:spruce_planks":80,"minecraft:wooden_pickaxe":1,"minecraft:cooked_salmon":2,"minecraft:birch_planks":88,"minecraft:stone_axe":3,"minecraft:bread":7,"minecraft:cherry_sign":3,"minecraft:stick":56,"minecraft:iron_ingot":22,"minecraft:oak_stairs":4,"minecraft:wooden_axe":1,"minecraft:stone_sword":1,"minecraft:torch":64},"minecraft:killed_by":{"minecraft:skeleton":1,"minecraft:zombie":2},"minecraft:broken":{"minecraft:stone_pickaxe":1,"minecraft:stone_axe":1}},"DataVersion":4082}