{"stats":{"minecraft:picked_up":{"minecraft:crafting_table":1,"minecraft:sweet_berries":5,"minecraft:pumpkin":4,"minecraft:leather":2,"minecraft:brown_mushroom":3,"minecraft:porkchop":5,"minecraft:spruce_log":7,"minecraft:dirt":7,"minecraft:raw_copper":13,"minecraft:cooked_salmon":3,"minecraft:purple_bed":3,"minecraft:stone_axe":1,"minecraft:beef":1,"minecraft:granite":5,"minecraft:gray_wool":1,"minecraft:wooden_shovel":1,"minecraft:mutton":3,"minecraft:coal":54,"minecraft:snowball":2,"minecraft:white_wool":1,"minecraft:cobblestone":67},"minecraft:used":{"minecraft:cooked_mutton":1,"minecraft:stone_sword":16,"minecraft:stone_pickaxe":127,"minecraft:wooden_pickaxe":20,"minecraft:cooked_salmon":5,"minecraft:wooden_shovel":3,"minecraft:stone_axe":6,"minecraft:cobblestone":1,"minecraft:purple_bed":2,"minecraft:crafting_table":2},"minecraft:custom":{"minecraft:time_since_rest":1014,"minecraft:interact_with_furnace":6,"minecraft:sprint_one_cm":77362,"minecraft:damage_taken":404,"minecraft:walk_one_cm":158902,"minecraft:mob_kills":7,"minecraft:drop":2,"minecraft:damage_dealt":607,"minecraft:open_chest":2,"minecraft:swim_one_cm":150,"minecraft:interact_with_crafting_table":6,"minecraft:fly_one_cm":49163,"minecraft:crouch_one_cm":198,"minecraft:play_time":76522,"minecraft:sneak_time":951,"minecraft:walk_under_water_one_cm":1328,"minecraft:jump":732,"minecraft:leave_game":1,"minecraft:time_since_death":76522,"minecraft:walk_on_water_one_cm":1968,"minecraft:sleep_in_bed":2,"minecraft:total_world_time":76522,"minecraft:fall_one_cm":9924},"minecraft:dropped":{"minecraft:stone_axe":1,"minecraft:wooden_shovel":1},"minecraft:killed":{"minecraft:sheep":2,"minecraft:pig":3,"minecraft:zombie_villager":1,"minecraft:cow":1},"minecraft:mined":{"minecraft:large_fern":2,"minecraft:purple_bed":3,"minecraft:brown_mushroom":3,"minecraft:spruce_log":7,"minecraft:pumpkin":4,"minecraft:crafting_table":1,"minecraft:granite":5,"minecraft:short_grass":1,"minecraft:grass_block":1,"minecraft:coal_ore":54,"minecraft:dirt":6,"minecraft:copper_ore":3,"minecraft:spruce_leaves":14,"minecraft:stone":61,"minecraft:wall_torch":1},"minecraft:crafted":{"minecraft:wooden_sword":1,"minecraft:wooden_shovel":1,"minecraft:crafting_table":1,"minecraft:spruce_planks":28,"minecraft:stick":24,"minecraft:wooden_pickaxe":1,"minecraft:stone_pickaxe":1,"minecraft:wooden_axe":1,"minecraft:stone_sword":1,"minecraft:cooked_salmon":2,"minecraft:torch":24,"minecraft:stone_axe":1,"minecraft:cooked_mutton":1},"minecraft:broken":{"minecraft:stone_pickaxe":1}},"DataVersion":4082}