{"stats":{"minecraft:used":{"minecraft:stone_pickaxe":85,"minecraft:wooden_pickaxe":17,"minecraft:wooden_shovel":3,"minecraft:crafting_table":2},"minecraft:picked_up":{"minecraft:crafting_table":1,"minecraft:pumpkin":4,"minecraft:brown_mushroom":1,"minecraft:spruce_log":7,"minecraft:dirt":6,"minecraft:raw_copper":13,"minecraft:stone_axe":1,"minecraft:granite":5,"minecraft:gray_wool":1,"minecraft:wooden_shovel":1,"minecraft:mutton":1,"minecraft:coal":22,"minecraft:snowball":2,"minecraft:cobblestone":63},"minecraft:custom":{"minecraft:time_since_rest":26886,"minecraft:interact_with_furnace":1,"minecraft:sprint_one_cm":26185,"minecraft:walk_one_cm":76193,"minecraft:damage_taken":118,"minecraft:mob_kills":1,"minecraft:drop":2,"minecraft:damage_dealt":50,"minecraft:swim_one_cm":150,"minecraft:interact_with_crafting_table":6,"minecraft:fly_one_cm":17709,"minecraft:crouch_one_cm":198,"minecraft:play_time":26886,"minecraft:sneak_time":946,"minecraft:walk_under_water_one_cm":1328,"minecraft:jump":336,"minecraft:walk_on_water_one_cm":1968,"minecraft:time_since_death":26886,"minecraft:total_world_time":26886,"minecraft:fall_one_cm":3019},"minecraft:dropped":{"minecraft:stone_axe":1,"minecraft:wooden_shovel":1},"minecraft:killed":{"minecraft:sheep":1},"minecraft:mined":{"minecraft:brown_mushroom":1,"minecraft:spruce_log":7,"minecraft:pumpkin":4,"minecraft:crafting_table":1,"minecraft:granite":5,"minecraft:coal_ore":22,"minecraft:dirt":5,"minecraft:copper_ore":3,"minecraft:spruce_leaves":3,"minecraft:stone":57},"minecraft:crafted":{"minecraft:wooden_sword":1,"minecraft:wooden_shovel":1,"minecraft:crafting_table":1,"minecraft:spruce_planks":28,"minecraft:stick":24,"minecraft:wooden_pickaxe":1,"minecraft:stone_pickaxe":1,"minecraft:wooden_axe":1,"minecraft:stone_sword":1,"minecraft:torch":24,"minecraft:stone_axe":1}},"DataVersion":4082}