{"stats":{"minecraft:picked_up":{"minecraft:crafting_table":2,"minecraft:sweet_berries":5,"minecraft:pumpkin":4,"minecraft:torch":1,"minecraft:leather":2,"minecraft:brown_mushroom":3,"minecraft:porkchop":5,"minecraft:spruce_sapling":1,"minecraft:spruce_log":14,"minecraft:dirt":7,"minecraft:raw_copper":37,"minecraft:cooked_salmon":3,"minecraft:purple_bed":3,"minecraft:stone_axe":1,"minecraft:beef":1,"minecraft:granite":5,"minecraft:gray_wool":1,"minecraft:wooden_shovel":1,"minecraft:mutton":3,"minecraft:coal":90,"minecraft:snowball":2,"minecraft:white_wool":1,"minecraft:cobblestone":139},"minecraft:used":{"minecraft:cooked_mutton":1,"minecraft:stone_sword":16,"minecraft:stone_pickaxe":239,"minecraft:wooden_pickaxe":25,"minecraft:cooked_salmon":5,"minecraft:wooden_shovel":3,"minecraft:stone_axe":16,"minecraft:torch":17,"minecraft:cobblestone":2,"minecraft:purple_bed":2,"minecraft:crafting_table":3},"minecraft:custom":{"minecraft:time_since_rest":13014,"minecraft:interact_with_furnace":6,"minecraft:sprint_one_cm":98161,"minecraft:damage_taken":424,"minecraft:walk_one_cm":192810,"minecraft:mob_kills":7,"minecraft:drop":2,"minecraft:damage_dealt":607,"minecraft:open_chest":2,"minecraft:swim_one_cm":150,"minecraft:interact_with_crafting_table":8,"minecraft:fly_one_cm":52038,"minecraft:crouch_one_cm":1164,"minecraft:play_time":88522,"minecraft:sneak_time":1193,"minecraft:walk_under_water_one_cm":1328,"minecraft:jump":834,"minecraft:leave_game":1,"minecraft:time_since_death":88522,"minecraft:walk_on_water_one_cm":1968,"minecraft:sleep_in_bed":2,"minecraft:total_world_time":88522,"minecraft:fall_one_cm":10820},"minecraft:dropped":{"minecraft:stone_axe":1,"minecraft:wooden_shovel":1},"minecraft:killed":{"minecraft:sheep":2,"minecraft:pig":3,"minecraft:zombie_villager":1,"minecraft:cow":1},"minecraft:mined":{"minecraft:large_fern":2,"minecraft:purple_bed":3,"minecraft:brown_mushroom":3,"minecraft:spruce_log":14,"minecraft:glow_lichen":1,"minecraft:pumpkin":4,"minecraft:crafting_table":2,"minecraft:granite":5,"minecraft:short_grass":1,"minecraft:grass_block":1,"minecraft:coal_ore":90,"minecraft:dirt":6,"minecraft:copper_ore":9,"minecraft:spruce_leaves":17,"minecraft:stone":133,"minecraft:wall_torch":1},"minecraft:crafted":{"minecraft:wooden_sword":1,"minecraft:wooden_shovel":1,"minecraft:stone_shovel":1,"minecraft:crafting_table":2,"minecraft:spruce_planks":40,"minecraft:stick":24,"minecraft:wooden_pickaxe":1,"minecraft:stone_pickaxe":3,"minecraft:wooden_axe":1,"minecraft:stone_sword":1,"minecraft:cooked_salmon":2,"minecraft:torch":24,"minecraft:stone_axe":1,"minecraft:cooked_mutton":1},"minecraft:broken":{"minecraft:stone_pickaxe":1}},"DataVersion":4082}