{"stats":{"minecraft:custom":{"minecraft:interact_with_furnace":8,"minecraft:mob_kills":7,"minecraft:interact_with_crafting_table":10,"minecraft:leave_game":1,"minecraft:time_since_death":112522,"minecraft:sleep_in_bed":3,"minecraft:climb_one_cm":156,"minecraft:time_since_rest":22973,"minecraft:sprint_one_cm":103683,"minecraft:damage_taken":454,"minecraft:walk_one_cm":243081,"minecraft:drop":8,"minecraft:damage_dealt":607,"minecraft:swim_one_cm":150,"minecraft:fly_one_cm":55615,"minecraft:open_chest":2,"minecraft:crouch_one_cm":1217,"minecraft:play_time":112522,"minecraft:sneak_time":1475,"minecraft:walk_under_water_one_cm":1328,"minecraft:jump":999,"minecraft:walk_on_water_one_cm":1968,"minecraft:total_world_time":112522,"minecraft:fall_one_cm":14303},"minecraft:used":{"minecraft:cooked_mutton":1,"minecraft:stone_sword":18,"minecraft:stone_pickaxe":241,"minecraft:wooden_pickaxe":25,"minecraft:wooden_shovel":3,"minecraft:cooked_salmon":5,"minecraft:torch":19,"minecraft:crafting_table":4,"minecraft:stone_axe":19,"minecraft:cobblestone":2,"minecraft:purple_bed":4,"minecraft:furnace":1,"minecraft:cooked_porkchop":2,"minecraft:brush":42},"minecraft:picked_up":{"minecraft:coarse_dirt":3,"minecraft:crafting_table":2,"minecraft:raiser_armor_trim_smithing_template":1,"minecraft:leather":2,"minecraft:brown_mushroom":3,"minecraft:flint":26,"minecraft:dirt":24,"minecraft:raw_copper":37,"minecraft:cooked_salmon":3,"minecraft:beef":1,"minecraft:wooden_shovel":1,"minecraft:furnace":1,"minecraft:pumpkin":4,"minecraft:sweet_berries":5,"minecraft:brush":1,"minecraft:torch":2,"minecraft:gravel":99,"minecraft:porkchop":5,"minecraft:spruce_sapling":1,"minecraft:spruce_log":14,"minecraft:purple_bed":5,"minecraft:stone_axe":1,"minecraft:granite":5,"minecraft:gray_wool":1,"minecraft:mutton":3,"minecraft:coal":91,"minecraft:snowball":2,"minecraft:white_wool":1,"minecraft:cobblestone":139},"minecraft:killed":{"minecraft:pig":3,"minecraft:zombie_villager":1,"minecraft:sheep":2,"minecraft:cow":1},"minecraft:dropped":{"minecraft:stone_axe":1,"minecraft:coarse_dirt":3,"minecraft:leather":2,"minecraft:raiser_armor_trim_smithing_template":1,"minecraft:wooden_shovel":1,"minecraft:pumpkin":4,"minecraft:spruce_sapling":1},"minecraft:mined":{"minecraft:brown_mushroom":3,"minecraft:crafting_table":3,"minecraft:glow_lichen":1,"minecraft:granite":5,"minecraft:short_grass":1,"minecraft:grass_block":1,"minecraft:copper_ore":9,"minecraft:spruce_leaves":21,"minecraft:wall_torch":1,"minecraft:large_fern":2,"minecraft:purple_bed":5,"minecraft:furnace":1,"minecraft:spruce_log":14,"minecraft:pumpkin":4,"minecraft:coal_ore":90,"minecraft:dirt":6,"minecraft:stone":133,"minecraft:fern":1},"minecraft:crafted":{"minecraft:wooden_sword":1,"minecraft:wooden_shovel":1,"minecraft:stone_shovel":1,"minecraft:cooked_porkchop":5,"minecraft:crafting_table":2,"minecraft:spruce_planks":40,"minecraft:wooden_pickaxe":1,"minecraft:furnace":1,"minecraft:cooked_salmon":2,"minecraft:stone_axe":1,"minecraft:cooked_mutton":1,"minecraft:stick":32,"minecraft:stone_pickaxe":3,"minecraft:wooden_axe":1,"minecraft:stone_sword":1,"minecraft:torch":32},"minecraft:broken":{"minecraft:stone_pickaxe":1}},"DataVersion":4082}