{"stats":{"minecraft:custom":{"minecraft:interact_with_furnace":12,"minecraft:mob_kills":25,"minecraft:interact_with_crafting_table":19,"minecraft:interact_with_loom":1,"minecraft:leave_game":3,"minecraft:time_since_death":44194,"minecraft:sleep_in_bed":11,"minecraft:climb_one_cm":401,"minecraft:time_since_rest":9856,"minecraft:sprint_one_cm":298072,"minecraft:damage_taken":2102,"minecraft:walk_one_cm":676381,"minecraft:drop":76,"minecraft:damage_dealt":2610,"minecraft:swim_one_cm":150,"minecraft:fly_one_cm":194669,"minecraft:open_chest":32,"minecraft:crouch_one_cm":3785,"minecraft:play_time":259790,"minecraft:deaths":4,"minecraft:sneak_time":3084,"minecraft:walk_under_water_one_cm":2923,"minecraft:jump":2725,"minecraft:walk_on_water_one_cm":11660,"minecraft:total_world_time":259790,"minecraft:fall_one_cm":52658},"minecraft:used":{"minecraft:cooked_mutton":1,"minecraft:stone_sword":66,"minecraft:stone_pickaxe":311,"minecraft:stone_shovel":11,"minecraft:poppy":2,"minecraft:chest":1,"minecraft:wooden_pickaxe":25,"minecraft:iron_sword":38,"minecraft:cooked_salmon":5,"minecraft:wooden_shovel":3,"minecraft:stone_hoe":66,"minecraft:torch":37,"minecraft:dirt":1,"minecraft:crafting_table":4,"minecraft:azure_bluet":1,"minecraft:snowball":1,"minecraft:cornflower":2,"minecraft:oxeye_daisy":3,"minecraft:bread":6,"minecraft:pink_petals":34,"minecraft:stone_axe":19,"minecraft:cobblestone":50,"minecraft:purple_bed":7,"minecraft:furnace":2,"minecraft:cooked_porkchop":7,"minecraft:brush":52,"minecraft:potato":62,"minecraft:wheat_seeds":62,"minecraft:dandelion":22},"minecraft:picked_up":{"minecraft:wheat":22,"minecraft:pink_petals":85,"minecraft:crafting_table":2,"minecraft:coarse_dirt":3,"minecraft:feather":1,"minecraft:azure_bluet":1,"minecraft:chicken":2,"minecraft:raiser_armor_trim_smithing_template":1,"minecraft:leather":5,"minecraft:brown_mushroom":6,"minecraft:wooden_pickaxe":2,"minecraft:potato":72,"minecraft:flint":70,"minecraft:oak_log":4,"minecraft:cornflower":2,"minecraft:paper":11,"minecraft:dirt":59,"minecraft:raw_copper":78,"minecraft:cooked_salmon":3,"minecraft:name_tag":1,"minecraft:compass":1,"minecraft:wheat_seeds":84,"minecraft:spruce_planks":22,"minecraft:beef":13,"minecraft:stone_pickaxe":7,"minecraft:poppy":2,"minecraft:iron_nugget":21,"minecraft:wooden_shovel":3,"minecraft:iron_sword":2,"minecraft:stone_hoe":2,"minecraft:egg":1,"minecraft:furnace":2,"minecraft:raw_iron":22,"minecraft:stick":12,"minecraft:cooked_porkchop":4,"minecraft:pumpkin":4,"minecraft:sweet_berries":49,"minecraft:brush":2,"minecraft:torch":22,"minecraft:dandelion":24,"minecraft:gravel":220,"minecraft:porkchop":5,"minecraft:sand":24,"minecraft:spruce_sapling":5,"minecraft:diorite":4,"minecraft:carrot":2,"minecraft:spruce_log":24,"minecraft:rotten_flesh":3,"minecraft:stone_sword":2,"minecraft:purple_bed":8,"minecraft:stone_shovel":2,"minecraft:stone_axe":2,"minecraft:granite":7,"minecraft:golden_apple":1,"minecraft:gray_wool":2,"minecraft:bread":3,"minecraft:glistering_melon_slice":7,"minecraft:obsidian":2,"minecraft:mutton":12,"minecraft:coal":228,"minecraft:snowball":5,"minecraft:white_wool":5,"minecraft:cobblestone":339,"minecraft:oxeye_daisy":3},"minecraft:killed":{"minecraft:pig":4,"minecraft:zombie_villager":1,"minecraft:sheep":6,"minecraft:skeleton":1,"minecraft:zombie":3,"minecraft:chicken":2,"minecraft:cow":6},"minecraft:dropped":{"minecraft:iron_sword":1,"minecraft:gravel":121,"minecraft:stone_axe":1,"minecraft:coarse_dirt":3,"minecraft:leather":2,"minecraft:raiser_armor_trim_smithing_template":1,"minecraft:torch":20,"minecraft:wooden_shovel":1,"minecraft:pumpkin":4,"minecraft:stone_pickaxe":1,"minecraft:spruce_sapling":1},"minecraft:mined":{"minecraft:brown_mushroom":3,"minecraft:dandelion":22,"minecraft:cornflower":2,"minecraft:crafting_table":3,"minecraft:glow_lichen":1,"minecraft:granite":7,"minecraft:short_grass":212,"minecraft:grass_block":3,"minecraft:poppy":2,"minecraft:tall_grass":2,"minecraft:copper_ore":10,"minecraft:spruce_leaves":51,"minecraft:diorite":2,"minecraft:oxeye_daisy":3,"minecraft:wall_torch":1,"minecraft:pink_petals":33,"minecraft:large_fern":3,"minecraft:purple_bed":7,"minecraft:furnace":1,"minecraft:wheat":23,"minecraft:iron_ore":11,"minecraft:spruce_log":20,"minecraft:pumpkin":4,"minecraft:azure_bluet":1,"minecraft:potatoes":17,"minecraft:oak_log":4,"minecraft:coal_ore":114,"minecraft:sand":24,"minecraft:gravel":12,"minecraft:dirt":7,"minecraft:stone":159,"minecraft:fern":1},"minecraft:crafted":{"minecraft:wooden_sword":1,"minecraft:oak_planks":16,"minecraft:wooden_shovel":1,"minecraft:stone_shovel":1,"minecraft:cooked_porkchop":5,"minecraft:crafting_table":2,"minecraft:spruce_planks":80,"minecraft:wooden_pickaxe":1,"minecraft:furnace":1,"minecraft:cooked_salmon":2,"minecraft:stone_axe":1,"minecraft:bread":1,"minecraft:cooked_mutton":1,"minecraft:stick":56,"minecraft:iron_ingot":22,"minecraft:stone_pickaxe":3,"minecraft:wooden_axe":1,"minecraft:stone_sword":1,"minecraft:chest":1,"minecraft:torch":60},"minecraft:killed_by":{"minecraft:skeleton":1,"minecraft:zombie":2},"minecraft:broken":{"minecraft:stone_pickaxe":1}},"DataVersion":4082}