{"stats":{"minecraft:custom":{"minecraft:interact_with_furnace":29,"minecraft:mob_kills":42,"minecraft:interact_with_crafting_table":10,"minecraft:leave_game":2,"minecraft:time_since_death":96139,"minecraft:sleep_in_bed":2,"minecraft:time_since_rest":1014,"minecraft:sprint_one_cm":222044,"minecraft:damage_taken":1044,"minecraft:walk_one_cm":266171,"minecraft:drop":8,"minecraft:damage_dealt":2460,"minecraft:swim_one_cm":57975,"minecraft:fly_one_cm":497743,"minecraft:open_chest":2,"minecraft:crouch_one_cm":13100,"minecraft:play_time":96139,"minecraft:sneak_time":5389,"minecraft:walk_under_water_one_cm":41230,"minecraft:jump":1878,"minecraft:walk_on_water_one_cm":13551,"minecraft:interact_with_smoker":1,"minecraft:total_world_time":96139,"minecraft:fall_one_cm":35779},"minecraft:picked_up":{"minecraft:crafting_table":6,"minecraft:wheat":8,"minecraft:feather":4,"minecraft:chicken":2,"minecraft:salmon":26,"minecraft:brown_mushroom":1,"minecraft:gunpowder":1,"minecraft:moss_carpet":2,"minecraft:dirt":37,"minecraft:cooked_salmon":2,"minecraft:bone":2,"minecraft:wheat_seeds":16,"minecraft:spruce_planks":2,"minecraft:beef":4,"minecraft:stone_pickaxe":1,"minecraft:azalea":2,"minecraft:moss_block":11,"minecraft:sugar_cane":13,"minecraft:flowering_azalea":1,"minecraft:furnace":4,"minecraft:raw_iron":5,"minecraft:pumpkin":6,"minecraft:sweet_berries":18,"minecraft:big_dripleaf":12,"minecraft:torch":9,"minecraft:porkchop":5,"minecraft:spruce_sapling":1,"minecraft:diorite":18,"minecraft:spruce_log":16,"minecraft:arrow":1,"minecraft:purple_bed":3,"minecraft:rotten_flesh":1,"minecraft:granite":12,"minecraft:mutton":2,"minecraft:coal":56,"minecraft:white_wool":2,"minecraft:cobblestone":77},"minecraft:used":{"minecraft:cooked_mutton":2,"minecraft:diorite":18,"minecraft:stone_sword":61,"minecraft:spruce_door":1,"minecraft:stone_pickaxe":130,"minecraft:spruce_planks":16,"minecraft:wooden_pickaxe":26,"minecraft:cooked_salmon":15,"minecraft:sugar_cane":4,"minecraft:cooked_chicken":2,"minecraft:torch":21,"minecraft:dirt":23,"minecraft:crafting_table":5,"minecraft:spruce_log":1,"minecraft:iron_pickaxe":76,"minecraft:purple_bed":2,"minecraft:furnace":4},"minecraft:killed":{"minecraft:pig":2,"minecraft:salmon":32,"minecraft:creeper":1,"minecraft:sheep":2,"minecraft:zombie":1,"minecraft:chicken":2,"minecraft:cow":2},"minecraft:dropped":{"minecraft:moss_carpet":2,"minecraft:pumpkin_seeds":1,"minecraft:cooked_salmon":5,"minecraft:stone_pickaxe":1},"minecraft:mined":{"minecraft:flowering_azalea":1,"minecraft:brown_mushroom":1,"minecraft:crafting_table":6,"minecraft:torch":8,"minecraft:granite":12,"minecraft:short_grass":1,"minecraft:grass_block":6,"minecraft:spruce_leaves":12,"minecraft:moss_block":11,"minecraft:sugar_cane":8,"minecraft:diorite":22,"minecraft:wall_torch":1,"minecraft:big_dripleaf":1,"minecraft:large_fern":4,"minecraft:purple_bed":3,"minecraft:furnace":4,"minecraft:iron_ore":6,"minecraft:wheat":8,"minecraft:sweet_berry_bush":5,"minecraft:ice":2,"minecraft:spruce_log":16,"minecraft:andesite":9,"minecraft:moss_carpet":2,"minecraft:pumpkin":6,"minecraft:big_dripleaf_stem":3,"minecraft:coal_ore":56,"minecraft:dirt":16,"minecraft:azalea":1,"minecraft:stone":80,"minecraft:fern":1},"minecraft:crafted":{"minecraft:crafting_table":1,"minecraft:spruce_planks":44,"minecraft:wooden_pickaxe":1,"minecraft:cooked_chicken":2,"minecraft:spruce_door":3,"minecraft:furnace":1,"minecraft:cooked_salmon":18,"minecraft:cooked_mutton":2,"minecraft:air":0,"minecraft:stick":12,"minecraft:iron_ingot":3,"minecraft:iron_pickaxe":1,"minecraft:stone_pickaxe":1,"minecraft:stone_sword":1,"minecraft:torch":16},"minecraft:broken":{"minecraft:stone_pickaxe":1}},"DataVersion":4082}