{"stats":{"minecraft:custom":{"minecraft:interact_with_furnace":26,"minecraft:mob_kills":24,"minecraft:interact_with_crafting_table":10,"minecraft:time_since_death":63254,"minecraft:time_since_rest":63254,"minecraft:sprint_one_cm":130473,"minecraft:damage_taken":674,"minecraft:walk_one_cm":169850,"minecraft:drop":6,"minecraft:damage_dealt":1405,"minecraft:swim_one_cm":44885,"minecraft:fly_one_cm":403046,"minecraft:crouch_one_cm":7756,"minecraft:play_time":63254,"minecraft:sneak_time":3628,"minecraft:walk_under_water_one_cm":29819,"minecraft:jump":1381,"minecraft:walk_on_water_one_cm":11192,"minecraft:total_world_time":63254,"minecraft:fall_one_cm":24619},"minecraft:picked_up":{"minecraft:crafting_table":5,"minecraft:feather":4,"minecraft:chicken":2,"minecraft:salmon":17,"minecraft:brown_mushroom":1,"minecraft:gunpowder":1,"minecraft:dirt":34,"minecraft:cooked_salmon":2,"minecraft:stone_pickaxe":1,"minecraft:sugar_cane":13,"minecraft:furnace":3,"minecraft:raw_iron":3,"minecraft:pumpkin":6,"minecraft:torch":3,"minecraft:diorite":18,"minecraft:spruce_log":16,"minecraft:granite":12,"minecraft:mutton":2,"minecraft:coal":26,"minecraft:white_wool":2,"minecraft:cobblestone":67},"minecraft:used":{"minecraft:cooked_mutton":2,"minecraft:diorite":18,"minecraft:stone_sword":32,"minecraft:spruce_door":1,"minecraft:stone_pickaxe":130,"minecraft:spruce_planks":16,"minecraft:wooden_pickaxe":25,"minecraft:sugar_cane":4,"minecraft:cooked_salmon":9,"minecraft:cooked_chicken":2,"minecraft:torch":10,"minecraft:dirt":19,"minecraft:crafting_table":5,"minecraft:spruce_log":1,"minecraft:iron_pickaxe":4,"minecraft:furnace":4},"minecraft:dropped":{"minecraft:cooked_salmon":5,"minecraft:stone_pickaxe":1},"minecraft:killed":{"minecraft:salmon":18,"minecraft:creeper":1,"minecraft:sheep":2,"minecraft:zombie":1,"minecraft:chicken":2},"minecraft:mined":{"minecraft:brown_mushroom":1,"minecraft:crafting_table":5,"minecraft:torch":1,"minecraft:granite":12,"minecraft:grass_block":6,"minecraft:spruce_leaves":4,"minecraft:sugar_cane":8,"minecraft:diorite":18,"minecraft:wall_torch":1,"minecraft:furnace":3,"minecraft:iron_ore":3,"minecraft:ice":2,"minecraft:spruce_log":16,"minecraft:pumpkin":6,"minecraft:coal_ore":26,"minecraft:dirt":14,"minecraft:stone":69,"minecraft:fern":1},"minecraft:crafted":{"minecraft:crafting_table":1,"minecraft:spruce_planks":44,"minecraft:cooked_chicken":2,"minecraft:wooden_pickaxe":1,"minecraft:spruce_door":3,"minecraft:furnace":1,"minecraft:cooked_salmon":12,"minecraft:cooked_mutton":2,"minecraft:air":0,"minecraft:stick":12,"minecraft:iron_ingot":3,"minecraft:iron_pickaxe":1,"minecraft:stone_pickaxe":1,"minecraft:stone_sword":1,"minecraft:torch":16},"minecraft:broken":{"minecraft:stone_pickaxe":1}},"DataVersion":4082}