{"stats":{"minecraft:custom":{"minecraft:interact_with_furnace":30,"minecraft:mob_kills":42,"minecraft:interact_with_crafting_table":12,"minecraft:climb_one_cm":534,"minecraft:leave_game":2,"minecraft:time_since_death":120139,"minecraft:sleep_in_bed":4,"minecraft:time_since_rest":10973,"minecraft:sprint_one_cm":234156,"minecraft:damage_taken":1094,"minecraft:walk_one_cm":308148,"minecraft:drop":57,"minecraft:damage_dealt":2460,"minecraft:swim_one_cm":57975,"minecraft:fly_one_cm":510449,"minecraft:open_chest":2,"minecraft:crouch_one_cm":25333,"minecraft:play_time":120139,"minecraft:sneak_time":9296,"minecraft:walk_under_water_one_cm":41230,"minecraft:jump":2115,"minecraft:walk_on_water_one_cm":13551,"minecraft:interact_with_smoker":1,"minecraft:total_world_time":120139,"minecraft:fall_one_cm":39210},"minecraft:used":{"minecraft:cooked_mutton":2,"minecraft:diorite":18,"minecraft:stone_sword":61,"minecraft:spruce_door":1,"minecraft:stone_shovel":231,"minecraft:stone_pickaxe":130,"minecraft:spruce_planks":16,"minecraft:wooden_pickaxe":26,"minecraft:cooked_salmon":15,"minecraft:sugar_cane":4,"minecraft:cooked_chicken":2,"minecraft:torch":22,"minecraft:dirt":23,"minecraft:crafting_table":7,"minecraft:spruce_log":1,"minecraft:iron_pickaxe":247,"minecraft:cobblestone":5,"minecraft:sweet_berries":6,"minecraft:purple_bed":4,"minecraft:furnace":5,"minecraft:brush":9},"minecraft:picked_up":{"minecraft:coarse_dirt":4,"minecraft:crafting_table":8,"minecraft:wheat":8,"minecraft:raiser_armor_trim_smithing_template":1,"minecraft:feather":4,"minecraft:chicken":2,"minecraft:salmon":26,"minecraft:brown_mushroom":1,"minecraft:flint":15,"minecraft:danger_pottery_sherd":3,"minecraft:gunpowder":1,"minecraft:raw_copper":13,"minecraft:moss_carpet":2,"minecraft:dirt":76,"minecraft:cooked_salmon":2,"minecraft:bone":2,"minecraft:light_gray_glazed_terracotta":15,"minecraft:wheat_seeds":16,"minecraft:spruce_planks":2,"minecraft:beef":4,"minecraft:stone_pickaxe":1,"minecraft:azalea":2,"minecraft:moss_block":11,"minecraft:sugar_cane":13,"minecraft:flowering_azalea":1,"minecraft:furnace":5,"minecraft:stick":2,"minecraft:raw_iron":11,"minecraft:pumpkin":10,"minecraft:sweet_berries":18,"minecraft:big_dripleaf":12,"minecraft:torch":9,"minecraft:gravel":149,"minecraft:porkchop":5,"minecraft:spruce_sapling":3,"minecraft:diorite":18,"minecraft:spruce_log":16,"minecraft:spruce_door":2,"minecraft:purple_candle":1,"minecraft:light_gray_terracotta":17,"minecraft:arrow":1,"minecraft:purple_bed":5,"minecraft:rotten_flesh":1,"minecraft:granite":15,"minecraft:cyan_terracotta":32,"minecraft:white_terracotta":31,"minecraft:mutton":2,"minecraft:coal":78,"minecraft:white_wool":6,"minecraft:cobblestone":88},"minecraft:killed":{"minecraft:pig":2,"minecraft:salmon":32,"minecraft:creeper":1,"minecraft:sheep":2,"minecraft:zombie":1,"minecraft:chicken":2,"minecraft:cow":2},"minecraft:dropped":{"minecraft:gravel":149,"minecraft:moss_carpet":2,"minecraft:wheat_seeds":16,"minecraft:coarse_dirt":4,"minecraft:raw_copper":8,"minecraft:rotten_flesh":1,"minecraft:light_gray_glazed_terracotta":1,"minecraft:spruce_door":4,"minecraft:pumpkin_seeds":1,"minecraft:stick":2,"minecraft:flint":15,"minecraft:cyan_terracotta":13,"minecraft:gunpowder":1,"minecraft:brush":1,"minecraft:cooked_salmon":5,"minecraft:arrow":1,"minecraft:purple_candle":1,"minecraft:stone_pickaxe":1,"minecraft:white_wool":6,"minecraft:danger_pottery_sherd":1},"minecraft:mined":{"minecraft:flowering_azalea":1,"minecraft:brown_mushroom":1,"minecraft:cyan_terracotta":42,"minecraft:light_gray_terracotta":17,"minecraft:crafting_table":8,"minecraft:torch":8,"minecraft:granite":15,"minecraft:short_grass":1,"minecraft:grass_block":6,"minecraft:mud_brick_stairs":1,"minecraft:copper_ore":1,"minecraft:spruce_leaves":12,"minecraft:mud_bricks":18,"minecraft:moss_block":11,"minecraft:sugar_cane":8,"minecraft:diorite":22,"minecraft:wall_torch":1,"minecraft:big_dripleaf":1,"minecraft:large_fern":4,"minecraft:white_terracotta":31,"minecraft:purple_bed":5,"minecraft:coarse_dirt":11,"minecraft:light_gray_glazed_terracotta":16,"minecraft:furnace":5,"minecraft:iron_ore":11,"minecraft:wheat":8,"minecraft:sweet_berry_bush":5,"minecraft:ice":2,"minecraft:spruce_log":16,"minecraft:andesite":9,"minecraft:moss_carpet":2,"minecraft:pumpkin":6,"minecraft:big_dripleaf_stem":3,"minecraft:coal_ore":77,"minecraft:gravel":181,"minecraft:dirt":55,"minecraft:azalea":1,"minecraft:stone":94,"minecraft:fern":1,"minecraft:suspicious_gravel":1},"minecraft:crafted":{"minecraft:stone_shovel":2,"minecraft:crafting_table":1,"minecraft:spruce_planks":48,"minecraft:brush":1,"minecraft:wooden_pickaxe":1,"minecraft:cooked_chicken":2,"minecraft:spruce_door":3,"minecraft:furnace":1,"minecraft:cooked_salmon":18,"minecraft:copper_ingot":1,"minecraft:cooked_mutton":2,"minecraft:air":0,"minecraft:stick":16,"minecraft:iron_ingot":3,"minecraft:iron_pickaxe":1,"minecraft:stone_pickaxe":1,"minecraft:stone_sword":1,"minecraft:torch":16},"minecraft:broken":{"minecraft:stone_pickaxe":1,"minecraft:iron_pickaxe":1,"minecraft:stone_shovel":1}},"DataVersion":4082}