{"stats":{"minecraft:picked_up":{"minecraft:raw_iron":3,"minecraft:crafting_table":3,"minecraft:feather":4,"minecraft:chicken":2,"minecraft:torch":1,"minecraft:spruce_log":9,"minecraft:dirt":32,"minecraft:granite":12,"minecraft:stone_pickaxe":1,"minecraft:sugar_cane":13,"minecraft:mutton":1,"minecraft:coal":26,"minecraft:white_wool":1,"minecraft:cobblestone":59,"minecraft:furnace":2},"minecraft:used":{"minecraft:cooked_mutton":1,"minecraft:stone_pickaxe":100,"minecraft:iron_pickaxe":3,"minecraft:wooden_pickaxe":25,"minecraft:sugar_cane":4,"minecraft:cooked_chicken":2,"minecraft:torch":6,"minecraft:dirt":15,"minecraft:crafting_table":3,"minecraft:furnace":2,"minecraft:spruce_log":1},"minecraft:custom":{"minecraft:time_since_rest":24000,"minecraft:interact_with_furnace":8,"minecraft:sprint_one_cm":60376,"minecraft:damage_taken":257,"minecraft:walk_one_cm":65555,"minecraft:mob_kills":3,"minecraft:drop":1,"minecraft:damage_dealt":190,"minecraft:swim_one_cm":3593,"minecraft:fly_one_cm":54635,"minecraft:interact_with_crafting_table":7,"minecraft:crouch_one_cm":5420,"minecraft:play_time":24000,"minecraft:sneak_time":2208,"minecraft:walk_under_water_one_cm":1162,"minecraft:jump":242,"minecraft:walk_on_water_one_cm":1731,"minecraft:time_since_death":24000,"minecraft:total_world_time":24000,"minecraft:fall_one_cm":3443},"minecraft:dropped":{"minecraft:stone_pickaxe":1},"minecraft:killed":{"minecraft:sheep":1,"minecraft:chicken":2},"minecraft:mined":{"minecraft:furnace":2,"minecraft:iron_ore":3,"minecraft:ice":2,"minecraft:spruce_log":9,"minecraft:crafting_table":3,"minecraft:granite":12,"minecraft:grass_block":3,"minecraft:coal_ore":26,"minecraft:dirt":14,"minecraft:spruce_leaves":3,"minecraft:stone":61,"minecraft:sugar_cane":8,"minecraft:diorite":1,"minecraft:wall_torch":1,"minecraft:fern":1},"minecraft:crafted":{"minecraft:crafting_table":1,"minecraft:stick":12,"minecraft:spruce_planks":32,"minecraft:iron_pickaxe":1,"minecraft:iron_ingot":3,"minecraft:wooden_pickaxe":1,"minecraft:cooked_chicken":2,"minecraft:stone_pickaxe":1,"minecraft:stone_sword":1,"minecraft:furnace":1,"minecraft:torch":16,"minecraft:cooked_mutton":1,"minecraft:air":0}},"DataVersion":4082}