{"stats":{"minecraft:used":{"minecraft:stone_pickaxe":39,"minecraft:wooden_pickaxe":25,"minecraft:sugar_cane":4,"minecraft:cooked_chicken":2,"minecraft:crafting_table":2,"minecraft:furnace":1,"minecraft:spruce_log":1},"minecraft:picked_up":{"minecraft:raw_iron":3,"minecraft:crafting_table":2,"minecraft:feather":4,"minecraft:chicken":2,"minecraft:spruce_log":9,"minecraft:sugar_cane":13,"minecraft:mutton":1,"minecraft:coal":26,"minecraft:white_wool":1,"minecraft:cobblestone":20,"minecraft:furnace":1},"minecraft:custom":{"minecraft:time_since_rest":12000,"minecraft:interact_with_furnace":3,"minecraft:sprint_one_cm":47170,"minecraft:damage_taken":30,"minecraft:walk_one_cm":47636,"minecraft:mob_kills":3,"minecraft:damage_dealt":160,"minecraft:fly_one_cm":45375,"minecraft:interact_with_crafting_table":5,"minecraft:crouch_one_cm":4641,"minecraft:play_time":12000,"minecraft:sneak_time":1665,"minecraft:jump":184,"minecraft:walk_on_water_one_cm":801,"minecraft:time_since_death":12000,"minecraft:total_world_time":12000,"minecraft:fall_one_cm":2091},"minecraft:killed":{"minecraft:sheep":1,"minecraft:chicken":2},"minecraft:mined":{"minecraft:furnace":1,"minecraft:iron_ore":3,"minecraft:ice":2,"minecraft:spruce_log":9,"minecraft:crafting_table":2,"minecraft:coal_ore":26,"minecraft:spruce_leaves":3,"minecraft:stone":20,"minecraft:sugar_cane":8,"minecraft:fern":1},"minecraft:crafted":{"minecraft:crafting_table":1,"minecraft:stick":4,"minecraft:spruce_planks":32,"minecraft:wooden_pickaxe":1,"minecraft:cooked_chicken":2,"minecraft:stone_pickaxe":1,"minecraft:furnace":1,"minecraft:air":0}},"DataVersion":4082}