{"stats":{"minecraft:custom":{"minecraft:interact_with_furnace":30,"minecraft:mob_kills":42,"minecraft:interact_with_crafting_table":12,"minecraft:leave_game":2,"minecraft:time_since_death":108139,"minecraft:sleep_in_bed":2,"minecraft:time_since_rest":13014,"minecraft:sprint_one_cm":233364,"minecraft:damage_taken":1084,"minecraft:walk_one_cm":286921,"minecraft:drop":32,"minecraft:damage_dealt":2460,"minecraft:swim_one_cm":57975,"minecraft:fly_one_cm":510449,"minecraft:open_chest":2,"minecraft:crouch_one_cm":20419,"minecraft:play_time":108139,"minecraft:sneak_time":7418,"minecraft:walk_under_water_one_cm":41230,"minecraft:jump":2021,"minecraft:walk_on_water_one_cm":13551,"minecraft:interact_with_smoker":1,"minecraft:total_world_time":108139,"minecraft:fall_one_cm":38875},"minecraft:picked_up":{"minecraft:crafting_table":8,"minecraft:wheat":8,"minecraft:raiser_armor_trim_smithing_template":1,"minecraft:feather":4,"minecraft:chicken":2,"minecraft:salmon":26,"minecraft:brown_mushroom":1,"minecraft:flint":5,"minecraft:danger_pottery_sherd":2,"minecraft:gunpowder":1,"minecraft:raw_copper":9,"minecraft:moss_carpet":2,"minecraft:dirt":48,"minecraft:cooked_salmon":2,"minecraft:bone":2,"minecraft:wheat_seeds":16,"minecraft:spruce_planks":2,"minecraft:beef":4,"minecraft:stone_pickaxe":1,"minecraft:azalea":2,"minecraft:moss_block":11,"minecraft:sugar_cane":13,"minecraft:flowering_azalea":1,"minecraft:furnace":5,"minecraft:stick":2,"minecraft:raw_iron":11,"minecraft:pumpkin":6,"minecraft:sweet_berries":18,"minecraft:big_dripleaf":12,"minecraft:torch":9,"minecraft:gravel":46,"minecraft:porkchop":5,"minecraft:spruce_sapling":2,"minecraft:diorite":18,"minecraft:spruce_log":16,"minecraft:spruce_door":2,"minecraft:purple_candle":1,"minecraft:light_gray_terracotta":17,"minecraft:arrow":1,"minecraft:purple_bed":3,"minecraft:rotten_flesh":1,"minecraft:granite":15,"minecraft:cyan_terracotta":5,"minecraft:white_terracotta":31,"minecraft:mutton":2,"minecraft:coal":78,"minecraft:white_wool":2,"minecraft:cobblestone":81},"minecraft:used":{"minecraft:cooked_mutton":2,"minecraft:diorite":18,"minecraft:stone_sword":61,"minecraft:spruce_door":1,"minecraft:stone_shovel":119,"minecraft:stone_pickaxe":130,"minecraft:spruce_planks":16,"minecraft:wooden_pickaxe":26,"minecraft:cooked_salmon":15,"minecraft:sugar_cane":4,"minecraft:cooked_chicken":2,"minecraft:torch":21,"minecraft:dirt":23,"minecraft:crafting_table":7,"minecraft:spruce_log":1,"minecraft:iron_pickaxe":205,"minecraft:sweet_berries":6,"minecraft:purple_bed":2,"minecraft:furnace":5,"minecraft:brush":7},"minecraft:killed":{"minecraft:pig":2,"minecraft:salmon":32,"minecraft:creeper":1,"minecraft:sheep":2,"minecraft:zombie":1,"minecraft:chicken":2,"minecraft:cow":2},"minecraft:dropped":{"minecraft:gravel":23,"minecraft:moss_carpet":2,"minecraft:wheat_seeds":16,"minecraft:raw_copper":4,"minecraft:rotten_flesh":1,"minecraft:spruce_door":4,"minecraft:pumpkin_seeds":1,"minecraft:stick":2,"minecraft:flint":5,"minecraft:cyan_terracotta":5,"minecraft:gunpowder":1,"minecraft:cooked_salmon":5,"minecraft:arrow":1,"minecraft:purple_candle":1,"minecraft:stone_pickaxe":1,"minecraft:white_wool":2},"minecraft:mined":{"minecraft:flowering_azalea":1,"minecraft:brown_mushroom":1,"minecraft:cyan_terracotta":33,"minecraft:light_gray_terracotta":17,"minecraft:crafting_table":8,"minecraft:torch":8,"minecraft:granite":15,"minecraft:short_grass":1,"minecraft:grass_block":6,"minecraft:copper_ore":1,"minecraft:spruce_leaves":12,"minecraft:moss_block":11,"minecraft:sugar_cane":8,"minecraft:diorite":22,"minecraft:wall_torch":1,"minecraft:big_dripleaf":1,"minecraft:large_fern":4,"minecraft:white_terracotta":31,"minecraft:purple_bed":3,"minecraft:coarse_dirt":3,"minecraft:light_gray_glazed_terracotta":10,"minecraft:furnace":5,"minecraft:iron_ore":11,"minecraft:wheat":8,"minecraft:sweet_berry_bush":5,"minecraft:ice":2,"minecraft:spruce_log":16,"minecraft:andesite":9,"minecraft:moss_carpet":2,"minecraft:pumpkin":6,"minecraft:big_dripleaf_stem":3,"minecraft:coal_ore":77,"minecraft:gravel":104,"minecraft:dirt":28,"minecraft:azalea":1,"minecraft:stone":86,"minecraft:fern":1},"minecraft:crafted":{"minecraft:stone_shovel":2,"minecraft:crafting_table":1,"minecraft:spruce_planks":48,"minecraft:brush":1,"minecraft:wooden_pickaxe":1,"minecraft:cooked_chicken":2,"minecraft:spruce_door":3,"minecraft:furnace":1,"minecraft:cooked_salmon":18,"minecraft:copper_ingot":1,"minecraft:cooked_mutton":2,"minecraft:air":0,"minecraft:stick":16,"minecraft:iron_ingot":3,"minecraft:iron_pickaxe":1,"minecraft:stone_pickaxe":1,"minecraft:stone_sword":1,"minecraft:torch":16},"minecraft:broken":{"minecraft:stone_pickaxe":1}},"DataVersion":4082}