{"stats":{"minecraft:custom":{"minecraft:mob_kills":79,"minecraft:interact_with_crafting_table":24,"minecraft:leave_game":5,"minecraft:time_since_death":240049,"minecraft:climb_one_cm":804,"minecraft:sprint_one_cm":483095,"minecraft:walk_one_cm":548741,"minecraft:drop":98,"minecraft:play_time":240049,"minecraft:sneak_time":21815,"minecraft:walk_under_water_one_cm":41255,"minecraft:jump":4878,"minecraft:walk_on_water_one_cm":21919,"minecraft:total_world_time":240049,"minecraft:interact_with_furnace":44,"minecraft:sleep_in_bed":10,"minecraft:time_since_rest":28759,"minecraft:damage_taken":2637,"minecraft:damage_dealt":9031,"minecraft:swim_one_cm":57975,"minecraft:fly_one_cm":1132422,"minecraft:open_chest":13,"minecraft:crouch_one_cm":62337,"minecraft:interact_with_smoker":1,"minecraft:fall_one_cm":116880},"minecraft:used":{"minecraft:stone_sword":144,"minecraft:stone_shovel":652,"minecraft:chest":1,"minecraft:spruce_planks":16,"minecraft:white_terracotta":3,"minecraft:stone_hoe":98,"minecraft:cooked_salmon":15,"minecraft:cooked_chicken":2,"minecraft:torch":54,"minecraft:dirt":157,"minecraft:carrot":1,"minecraft:granite":1,"minecraft:snowball":1,"minecraft:cyan_terracotta":12,"minecraft:sweet_berries":99,"minecraft:oak_sapling":6,"minecraft:furnace":8,"minecraft:cooked_beef":4,"minecraft:potato":18,"minecraft:wheat_seeds":25,"minecraft:cooked_mutton":2,"minecraft:water_bucket":12,"minecraft:diorite":18,"minecraft:spruce_door":1,"minecraft:stone_pickaxe":130,"minecraft:wooden_pickaxe":28,"minecraft:sugar_cane":13,"minecraft:glow_berries":7,"minecraft:crafting_table":12,"minecraft:spruce_log":1,"minecraft:blue_stained_glass_pane":1,"minecraft:apple":1,"minecraft:bread":4,"minecraft:iron_pickaxe":314,"minecraft:spruce_sapling":3,"minecraft:gravel":67,"minecraft:stone_axe":56,"minecraft:purple_bed":8,"minecraft:cobblestone":5,"minecraft:cooked_porkchop":5,"minecraft:bucket":13,"minecraft:brush":9},"minecraft:picked_up":{"minecraft:crafting_table":11,"minecraft:coarse_dirt":22,"minecraft:wheat":8,"minecraft:chicken":2,"minecraft:brown_mushroom":2,"minecraft:string":1,"minecraft:moss_carpet":2,"minecraft:raw_copper":13,"minecraft:cooked_salmon":2,"minecraft:blue_stained_glass_pane":1,"minecraft:spruce_planks":2,"minecraft:beef":5,"minecraft:azalea":2,"minecraft:sugar_cane":13,"minecraft:furnace":7,"minecraft:stick":2,"minecraft:raw_iron":42,"minecraft:music_disc_relic":1,"minecraft:big_dripleaf":12,"minecraft:torch":29,"minecraft:porkchop":9,"minecraft:diorite":18,"minecraft:carrot":1,"minecraft:howl_pottery_sherd":1,"minecraft:purple_candle":1,"minecraft:arrow":3,"minecraft:rotten_flesh":20,"minecraft:cyan_terracotta":33,"minecraft:white_terracotta":31,"minecraft:spruce_hanging_sign":1,"minecraft:mutton":2,"minecraft:glow_berries":12,"minecraft:host_armor_trim_smithing_template":2,"minecraft:white_wool":6,"minecraft:cobblestone":100,"minecraft:heartbreak_pottery_sherd":1,"minecraft:mud_bricks":1,"minecraft:feather":4,"minecraft:raiser_armor_trim_smithing_template":2,"minecraft:andesite":3,"minecraft:salmon":26,"minecraft:leather":2,"minecraft:flint":18,"minecraft:oak_log":12,"minecraft:danger_pottery_sherd":4,"minecraft:gunpowder":4,"minecraft:lapis_lazuli":8,"minecraft:dirt":240,"minecraft:bone":3,"minecraft:apple":1,"minecraft:light_gray_glazed_terracotta":15,"minecraft:wheat_seeds":44,"minecraft:raw_gold":1,"minecraft:spore_blossom":2,"minecraft:iron_ingot":1,"minecraft:stone_pickaxe":1,"minecraft:oak_planks":1,"minecraft:moss_block":12,"minecraft:flowering_azalea":1,"minecraft:pumpkin":20,"minecraft:sweet_berries":82,"minecraft:dandelion":1,"minecraft:gravel":340,"minecraft:spruce_sapling":3,"minecraft:spruce_log":16,"minecraft:spider_eye":1,"minecraft:spruce_door":2,"minecraft:light_gray_terracotta":17,"minecraft:purple_bed":8,"minecraft:slime_ball":1,"minecraft:granite":31,"minecraft:oak_sapling":6,"minecraft:coal":98},"minecraft:killed":{"minecraft:spider":5,"minecraft:slime":2,"minecraft:skeleton":1,"minecraft:chicken":2,"minecraft:pig":4,"minecraft:salmon":32,"minecraft:creeper":3,"minecraft:sheep":2,"minecraft:zombie":26,"minecraft:cow":2},"minecraft:dropped":{"minecraft:stone_hoe":1,"minecraft:bread":2,"minecraft:brown_mushroom":2,"minecraft:wheat_seeds":23,"minecraft:cooked_porkchop":3,"minecraft:light_gray_glazed_terracotta":15,"minecraft:leather":2,"minecraft:granite":30,"minecraft:spruce_door":4,"minecraft:stick":2,"minecraft:flint":18,"minecraft:cyan_terracotta":21,"minecraft:dirt":1,"minecraft:spruce_hanging_sign":1,"minecraft:brush":1,"minecraft:cooked_salmon":5,"minecraft:snowball":1,"minecraft:white_wool":6,"minecraft:danger_pottery_sherd":1,"minecraft:dandelion":1,"minecraft:gravel":229,"minecraft:moss_carpet":2,"minecraft:sweet_berries":10,"minecraft:coarse_dirt":22,"minecraft:raw_copper":8,"minecraft:light_gray_terracotta":17,"minecraft:rotten_flesh":20,"minecraft:pumpkin_seeds":1,"minecraft:mud_bricks":1,"minecraft:gunpowder":1,"minecraft:raiser_armor_trim_smithing_template":1,"minecraft:spruce_planks":1,"minecraft:purple_candle":1,"minecraft:arrow":1,"minecraft:stone_pickaxe":2,"minecraft:wooden_pickaxe":1},"minecraft:mined":{"minecraft:cave_vines_plant":1,"minecraft:granite":15,"minecraft:grass_block":144,"minecraft:spruce_leaves":14,"minecraft:mud_bricks":19,"minecraft:moss_block":12,"minecraft:large_fern":5,"minecraft:spore_blossom":2,"minecraft:furnace":7,"minecraft:carrots":1,"minecraft:iron_ore":42,"minecraft:andesite":9,"minecraft:moss_carpet":2,"minecraft:pumpkin":6,"minecraft:big_dripleaf_stem":3,"minecraft:cave_vines":1,"minecraft:azalea":1,"minecraft:stone":107,"minecraft:flowering_azalea":1,"minecraft:brown_mushroom":1,"minecraft:cyan_terracotta":43,"minecraft:crafting_table":11,"minecraft:torch":8,"minecraft:light_gray_terracotta":17,"minecraft:short_grass":110,"minecraft:mud_brick_stairs":1,"minecraft:tall_grass":3,"minecraft:copper_ore":1,"minecraft:lapis_ore":1,"minecraft:sugar_cane":8,"minecraft:diorite":22,"minecraft:wall_torch":1,"minecraft:big_dripleaf":1,"minecraft:white_terracotta":31,"minecraft:purple_bed":8,"minecraft:coarse_dirt":40,"minecraft:light_gray_glazed_terracotta":16,"minecraft:wheat":8,"minecraft:sweet_berry_bush":45,"minecraft:ice":5,"minecraft:spruce_log":16,"minecraft:oak_log":12,"minecraft:coal_ore":96,"minecraft:gravel":468,"minecraft:dirt":108,"minecraft:gold_ore":1,"minecraft:fern":4,"minecraft:suspicious_gravel":8},"minecraft:crafted":{"minecraft:oak_planks":12,"minecraft:stone_shovel":5,"minecraft:cooked_chicken":2,"minecraft:furnace":2,"minecraft:cooked_mutton":2,"minecraft:stone_pickaxe":2,"minecraft:chest":1,"minecraft:stone_hoe":2,"minecraft:cooked_beef":4,"minecraft:cooked_porkchop":8,"minecraft:crafting_table":2,"minecraft:spruce_planks":60,"minecraft:wooden_pickaxe":1,"minecraft:brush":1,"minecraft:spruce_door":3,"minecraft:cooked_salmon":18,"minecraft:copper_ingot":1,"minecraft:bucket":1,"minecraft:stone_axe":1,"minecraft:bread":2,"minecraft:air":0,"minecraft:stick":36,"minecraft:iron_ingot":11,"minecraft:iron_pickaxe":2,"minecraft:stone_sword":1,"minecraft:torch":32},"minecraft:broken":{"minecraft:stone_sword":1,"minecraft:stone_pickaxe":1,"minecraft:iron_pickaxe":1,"minecraft:stone_shovel":4}},"DataVersion":4082}