{"stats":{"minecraft:custom":{"minecraft:mob_kills":91,"minecraft:interact_with_crafting_table":46,"minecraft:leave_game":5,"minecraft:time_since_death":71308,"minecraft:climb_one_cm":804,"minecraft:sprint_one_cm":655094,"minecraft:walk_one_cm":650860,"minecraft:damage_blocked_by_shield":140,"minecraft:drop":129,"minecraft:talked_to_villager":1,"minecraft:play_time":312049,"minecraft:deaths":1,"minecraft:sneak_time":26333,"minecraft:walk_under_water_one_cm":42127,"minecraft:jump":6986,"minecraft:walk_on_water_one_cm":28291,"minecraft:total_world_time":312049,"minecraft:interact_with_furnace":57,"minecraft:sleep_in_bed":15,"minecraft:time_since_rest":4659,"minecraft:damage_taken":3308,"minecraft:damage_dealt":11503,"minecraft:swim_one_cm":59545,"minecraft:fly_one_cm":1686224,"minecraft:open_chest":59,"minecraft:crouch_one_cm":86149,"minecraft:interact_with_smoker":1,"minecraft:fall_one_cm":184281},"minecraft:used":{"minecraft:cherry_sapling":3,"minecraft:stone_sword":161,"minecraft:iron_shovel":197,"minecraft:stone_shovel":652,"minecraft:chest":6,"minecraft:spruce_planks":16,"minecraft:shield":5,"minecraft:white_terracotta":3,"minecraft:stone_hoe":131,"minecraft:cooked_salmon":15,"minecraft:cooked_chicken":2,"minecraft:torch":61,"minecraft:dirt":192,"minecraft:carrot":10,"minecraft:granite":1,"minecraft:snowball":1,"minecraft:milk_bucket":1,"minecraft:cyan_terracotta":12,"minecraft:iron_axe":42,"minecraft:hay_block":1,"minecraft:sweet_berries":117,"minecraft:oak_sapling":13,"minecraft:furnace":10,"minecraft:cooked_beef":6,"minecraft:potato":18,"minecraft:wheat_seeds":25,"minecraft:cooked_mutton":2,"minecraft:water_bucket":15,"minecraft:diorite":18,"minecraft:spruce_door":1,"minecraft:stone_pickaxe":130,"minecraft:wooden_pickaxe":28,"minecraft:cherry_planks":1,"minecraft:sugar_cane":13,"minecraft:glow_berries":7,"minecraft:crafting_table":14,"minecraft:white_bed":1,"minecraft:spruce_log":1,"minecraft:blue_stained_glass_pane":1,"minecraft:apple":1,"minecraft:bread":18,"minecraft:iron_pickaxe":351,"minecraft:spruce_sapling":4,"minecraft:gravel":67,"minecraft:stone_axe":80,"minecraft:pink_petals":4,"minecraft:purple_bed":8,"minecraft:cobblestone":7,"minecraft:cooked_porkchop":6,"minecraft:bucket":18,"minecraft:brush":9},"minecraft:picked_up":{"minecraft:crafting_table":13,"minecraft:coarse_dirt":22,"minecraft:wheat":12,"minecraft:chicken":2,"minecraft:brown_mushroom":2,"minecraft:oak_trapdoor":4,"minecraft:music_disc_cat":2,"minecraft:string":4,"minecraft:moss_carpet":2,"minecraft:raw_copper":13,"minecraft:cooked_salmon":2,"minecraft:oak_sign":3,"minecraft:blue_stained_glass_pane":1,"minecraft:cherry_boat":1,"minecraft:spruce_planks":2,"minecraft:beef":5,"minecraft:azalea":2,"minecraft:light_gray_wool":2,"minecraft:iron_pickaxe":1,"minecraft:chest":3,"minecraft:sugar_cane":13,"minecraft:furnace":9,"minecraft:stick":18,"minecraft:raw_iron":86,"minecraft:cherry_stairs":4,"minecraft:music_disc_relic":1,"minecraft:big_dripleaf":12,"minecraft:torch":40,"minecraft:porkchop":10,"minecraft:cherry_log":29,"minecraft:diorite":18,"minecraft:carrot":9,"minecraft:redstone":2,"minecraft:howl_pottery_sherd":1,"minecraft:purple_candle":1,"minecraft:arrow":6,"minecraft:stone_shovel":2,"minecraft:rotten_flesh":27,"minecraft:hay_block":17,"minecraft:cyan_terracotta":33,"minecraft:white_terracotta":59,"minecraft:spruce_hanging_sign":1,"minecraft:mutton":2,"minecraft:glow_berries":12,"minecraft:host_armor_trim_smithing_template":2,"minecraft:cherry_planks":1,"minecraft:white_wool":15,"minecraft:cobblestone":116,"minecraft:heartbreak_pottery_sherd":1,"minecraft:pink_petals":17,"minecraft:water_bucket":3,"minecraft:glow_ink_sac":4,"minecraft:mud_bricks":1,"minecraft:feather":7,"minecraft:raiser_armor_trim_smithing_template":2,"minecraft:andesite":6,"minecraft:salmon":26,"minecraft:leather":2,"minecraft:flint":18,"minecraft:oak_log":30,"minecraft:danger_pottery_sherd":4,"minecraft:gunpowder":16,"minecraft:lapis_lazuli":16,"minecraft:dirt":536,"minecraft:bone":14,"minecraft:apple":2,"minecraft:light_gray_glazed_terracotta":15,"minecraft:wheat_seeds":58,"minecraft:raw_gold":2,"minecraft:spore_blossom":2,"minecraft:iron_ingot":5,"minecraft:stone_pickaxe":1,"minecraft:cherry_sign":3,"minecraft:stone_hoe":2,"minecraft:oak_planks":2,"minecraft:moss_block":12,"minecraft:flowering_azalea":1,"minecraft:pumpkin":30,"minecraft:sweet_berries":83,"minecraft:dandelion":1,"minecraft:lava_bucket":1,"minecraft:gravel":404,"minecraft:spruce_sapling":4,"minecraft:white_bed":3,"minecraft:spruce_log":16,"minecraft:spider_eye":2,"minecraft:spruce_door":2,"minecraft:light_gray_terracotta":17,"minecraft:purple_bed":8,"minecraft:stone_axe":1,"minecraft:slime_ball":2,"minecraft:granite":31,"minecraft:cherry_sapling":15,"minecraft:gray_wool":1,"minecraft:oak_sapling":13,"minecraft:cherry_slab":6,"minecraft:coal":98,"minecraft:hopper":1},"minecraft:killed":{"minecraft:spider":6,"minecraft:slime":2,"minecraft:skeleton":2,"minecraft:chicken":2,"minecraft:pig":4,"minecraft:salmon":32,"minecraft:creeper":5,"minecraft:sheep":2,"minecraft:pillager":1,"minecraft:zombie":33,"minecraft:cow":2},"minecraft:dropped":{"minecraft:iron_ingot":5,"minecraft:stone_hoe":1,"minecraft:bread":2,"minecraft:iron_sword":1,"minecraft:brown_mushroom":2,"minecraft:wheat_seeds":24,"minecraft:oak_log":2,"minecraft:cooked_porkchop":3,"minecraft:cobblestone":3,"minecraft:light_gray_glazed_terracotta":15,"minecraft:leather":2,"minecraft:granite":30,"minecraft:spruce_door":4,"minecraft:coal":1,"minecraft:stick":10,"minecraft:flint":18,"minecraft:cyan_terracotta":21,"minecraft:dirt":1,"minecraft:spruce_hanging_sign":1,"minecraft:brush":1,"minecraft:cherry_planks":28,"minecraft:cooked_salmon":5,"minecraft:snowball":1,"minecraft:white_wool":6,"minecraft:danger_pottery_sherd":1,"minecraft:dandelion":1,"minecraft:gravel":229,"minecraft:moss_carpet":2,"minecraft:sweet_berries":10,"minecraft:coarse_dirt":22,"minecraft:raw_copper":8,"minecraft:light_gray_terracotta":17,"minecraft:stone_shovel":2,"minecraft:rotten_flesh":20,"minecraft:light_gray_wool":2,"minecraft:oak_planks":30,"minecraft:pumpkin_seeds":1,"minecraft:mud_bricks":1,"minecraft:gunpowder":1,"minecraft:raiser_armor_trim_smithing_template":1,"minecraft:spruce_planks":1,"minecraft:purple_candle":1,"minecraft:arrow":1,"minecraft:stone_pickaxe":2,"minecraft:wooden_pickaxe":1},"minecraft:mined":{"minecraft:cherry_log":29,"minecraft:cave_vines_plant":1,"minecraft:granite":15,"minecraft:grass_block":342,"minecraft:spruce_leaves":14,"minecraft:mud_bricks":19,"minecraft:moss_block":12,"minecraft:large_fern":5,"minecraft:hay_block":17,"minecraft:spore_blossom":2,"minecraft:spruce_sapling":1,"minecraft:furnace":8,"minecraft:carrots":6,"minecraft:iron_ore":54,"minecraft:fire":2,"minecraft:andesite":9,"minecraft:moss_carpet":2,"minecraft:pumpkin":6,"minecraft:big_dripleaf_stem":3,"minecraft:deepslate_iron_ore":1,"minecraft:cave_vines":1,"minecraft:azalea":1,"minecraft:stone":120,"minecraft:flowering_azalea":1,"minecraft:brown_mushroom":1,"minecraft:cherry_planks":1,"minecraft:cyan_terracotta":43,"minecraft:crafting_table":12,"minecraft:torch":8,"minecraft:light_gray_terracotta":17,"minecraft:short_grass":121,"minecraft:mud_brick_stairs":1,"minecraft:chest":1,"minecraft:tall_grass":49,"minecraft:copper_ore":1,"minecraft:lapis_ore":1,"minecraft:sugar_cane":8,"minecraft:diorite":22,"minecraft:wall_torch":1,"minecraft:big_dripleaf":1,"minecraft:pink_petals":8,"minecraft:white_terracotta":31,"minecraft:purple_bed":8,"minecraft:coarse_dirt":40,"minecraft:light_gray_glazed_terracotta":16,"minecraft:wheat":8,"minecraft:sweet_berry_bush":47,"minecraft:ice":5,"minecraft:spruce_log":16,"minecraft:oak_log":21,"minecraft:coal_ore":96,"minecraft:cherry_leaves":10,"minecraft:gravel":468,"minecraft:dirt":108,"minecraft:gold_ore":1,"minecraft:fern":4,"minecraft:suspicious_gravel":8},"minecraft:crafted":{"minecraft:cherry_planks":52,"minecraft:oak_planks":76,"minecraft:stone_shovel":5,"minecraft:cherry_slab":6,"minecraft:cooked_chicken":2,"minecraft:furnace":2,"minecraft:cooked_mutton":2,"minecraft:iron_axe":1,"minecraft:cherry_stairs":4,"minecraft:stone_pickaxe":2,"minecraft:chest":6,"minecraft:stone_hoe":2,"minecraft:wheat":72,"minecraft:cooked_beef":6,"minecraft:cooked_porkchop":9,"minecraft:crafting_table":2,"minecraft:spruce_planks":60,"minecraft:wooden_pickaxe":1,"minecraft:iron_sword":1,"minecraft:brush":1,"minecraft:spruce_door":3,"minecraft:cooked_salmon":18,"minecraft:copper_ingot":1,"minecraft:bucket":3,"minecraft:stone_axe":1,"minecraft:bread":23,"minecraft:air":0,"minecraft:shield":1,"minecraft:stick":44,"minecraft:iron_ingot":33,"minecraft:iron_pickaxe":2,"minecraft:stone_sword":2,"minecraft:iron_shovel":1,"minecraft:white_bed":4,"minecraft:torch":32,"minecraft:shears":1},"minecraft:killed_by":{"minecraft:creeper":1},"minecraft:broken":{"minecraft:stone_sword":1,"minecraft:stone_hoe":1,"minecraft:stone_pickaxe":1,"minecraft:stone_axe":1,"minecraft:iron_pickaxe":1,"minecraft:stone_shovel":4}},"DataVersion":4082}