{"stats":{"minecraft:custom":{"minecraft:mob_kills":42,"minecraft:interact_with_crafting_table":13,"minecraft:leave_game":2,"minecraft:time_since_death":132139,"minecraft:climb_one_cm":614,"minecraft:sprint_one_cm":235165,"minecraft:walk_one_cm":332366,"minecraft:drop":70,"minecraft:play_time":132139,"minecraft:sneak_time":12133,"minecraft:walk_under_water_one_cm":41230,"minecraft:jump":2163,"minecraft:walk_on_water_one_cm":13551,"minecraft:total_world_time":132139,"minecraft:interact_with_furnace":30,"minecraft:sleep_in_bed":4,"minecraft:time_since_rest":22973,"minecraft:damage_taken":1094,"minecraft:damage_dealt":2460,"minecraft:swim_one_cm":57975,"minecraft:fly_one_cm":510449,"minecraft:open_chest":2,"minecraft:crouch_one_cm":31550,"minecraft:interact_with_smoker":1,"minecraft:fall_one_cm":39419},"minecraft:used":{"minecraft:stone_sword":61,"minecraft:stone_shovel":505,"minecraft:spruce_planks":16,"minecraft:cooked_chicken":2,"minecraft:cooked_salmon":15,"minecraft:torch":25,"minecraft:dirt":23,"minecraft:sweet_berries":10,"minecraft:furnace":5,"minecraft:cooked_mutton":2,"minecraft:diorite":18,"minecraft:spruce_door":1,"minecraft:stone_pickaxe":130,"minecraft:wooden_pickaxe":26,"minecraft:sugar_cane":4,"minecraft:crafting_table":8,"minecraft:spruce_log":1,"minecraft:blue_stained_glass_pane":1,"minecraft:iron_pickaxe":247,"minecraft:cobblestone":5,"minecraft:purple_bed":4,"minecraft:brush":9},"minecraft:picked_up":{"minecraft:crafting_table":9,"minecraft:coarse_dirt":21,"minecraft:wheat":8,"minecraft:chicken":2,"minecraft:brown_mushroom":2,"minecraft:moss_carpet":2,"minecraft:raw_copper":13,"minecraft:cooked_salmon":2,"minecraft:blue_stained_glass_pane":1,"minecraft:spruce_planks":2,"minecraft:beef":4,"minecraft:azalea":2,"minecraft:sugar_cane":13,"minecraft:furnace":5,"minecraft:stick":2,"minecraft:raw_iron":11,"minecraft:big_dripleaf":12,"minecraft:torch":9,"minecraft:porkchop":5,"minecraft:diorite":18,"minecraft:howl_pottery_sherd":1,"minecraft:purple_candle":1,"minecraft:arrow":1,"minecraft:rotten_flesh":1,"minecraft:cyan_terracotta":32,"minecraft:white_terracotta":31,"minecraft:spruce_hanging_sign":1,"minecraft:host_armor_trim_smithing_template":1,"minecraft:mutton":2,"minecraft:white_wool":6,"minecraft:cobblestone":88,"minecraft:heartbreak_pottery_sherd":1,"minecraft:feather":4,"minecraft:raiser_armor_trim_smithing_template":2,"minecraft:salmon":26,"minecraft:leather":2,"minecraft:flint":15,"minecraft:danger_pottery_sherd":4,"minecraft:gunpowder":1,"minecraft:dirt":87,"minecraft:bone":2,"minecraft:wheat_seeds":16,"minecraft:light_gray_glazed_terracotta":15,"minecraft:stone_pickaxe":1,"minecraft:moss_block":11,"minecraft:flowering_azalea":1,"minecraft:pumpkin":20,"minecraft:sweet_berries":18,"minecraft:gravel":272,"minecraft:spruce_sapling":3,"minecraft:spruce_log":16,"minecraft:spruce_door":2,"minecraft:light_gray_terracotta":17,"minecraft:purple_bed":5,"minecraft:granite":30,"minecraft:coal":78},"minecraft:killed":{"minecraft:chicken":2,"minecraft:pig":2,"minecraft:salmon":32,"minecraft:creeper":1,"minecraft:sheep":2,"minecraft:zombie":1,"minecraft:cow":2},"minecraft:dropped":{"minecraft:brown_mushroom":2,"minecraft:wheat_seeds":16,"minecraft:light_gray_glazed_terracotta":1,"minecraft:leather":2,"minecraft:granite":15,"minecraft:spruce_door":4,"minecraft:stick":2,"minecraft:flint":15,"minecraft:cyan_terracotta":13,"minecraft:spruce_hanging_sign":1,"minecraft:brush":1,"minecraft:cooked_salmon":5,"minecraft:white_wool":6,"minecraft:danger_pottery_sherd":1,"minecraft:gravel":158,"minecraft:moss_carpet":2,"minecraft:coarse_dirt":21,"minecraft:raw_copper":8,"minecraft:light_gray_terracotta":17,"minecraft:rotten_flesh":1,"minecraft:pumpkin_seeds":1,"minecraft:gunpowder":1,"minecraft:raiser_armor_trim_smithing_template":1,"minecraft:spruce_planks":1,"minecraft:arrow":1,"minecraft:stone_pickaxe":1,"minecraft:purple_candle":1},"minecraft:mined":{"minecraft:granite":15,"minecraft:grass_block":6,"minecraft:spruce_leaves":12,"minecraft:mud_bricks":18,"minecraft:moss_block":11,"minecraft:large_fern":4,"minecraft:furnace":5,"minecraft:iron_ore":11,"minecraft:andesite":9,"minecraft:pumpkin":6,"minecraft:moss_carpet":2,"minecraft:big_dripleaf_stem":3,"minecraft:azalea":1,"minecraft:stone":94,"minecraft:flowering_azalea":1,"minecraft:brown_mushroom":1,"minecraft:cyan_terracotta":42,"minecraft:crafting_table":9,"minecraft:torch":8,"minecraft:light_gray_terracotta":17,"minecraft:short_grass":1,"minecraft:mud_brick_stairs":1,"minecraft:copper_ore":1,"minecraft:sugar_cane":8,"minecraft:diorite":22,"minecraft:wall_torch":1,"minecraft:big_dripleaf":1,"minecraft:white_terracotta":31,"minecraft:purple_bed":5,"minecraft:coarse_dirt":38,"minecraft:light_gray_glazed_terracotta":16,"minecraft:ice":2,"minecraft:wheat":8,"minecraft:sweet_berry_bush":5,"minecraft:spruce_log":16,"minecraft:coal_ore":77,"minecraft:dirt":89,"minecraft:gravel":388,"minecraft:fern":1,"minecraft:suspicious_gravel":6},"minecraft:crafted":{"minecraft:stone_shovel":4,"minecraft:cooked_chicken":2,"minecraft:furnace":1,"minecraft:cooked_mutton":2,"minecraft:stone_pickaxe":1,"minecraft:crafting_table":1,"minecraft:spruce_planks":48,"minecraft:wooden_pickaxe":1,"minecraft:brush":1,"minecraft:spruce_door":3,"minecraft:cooked_salmon":18,"minecraft:copper_ingot":1,"minecraft:air":0,"minecraft:stick":20,"minecraft:iron_ingot":3,"minecraft:iron_pickaxe":1,"minecraft:stone_sword":1,"minecraft:torch":16},"minecraft:broken":{"minecraft:stone_pickaxe":1,"minecraft:iron_pickaxe":1,"minecraft:stone_shovel":3}},"DataVersion":4082}