{"stats":{"minecraft:custom":{"minecraft:interact_with_crafting_table":60,"minecraft:leave_game":5,"minecraft:time_since_death":143308,"minecraft:sprint_one_cm":800074,"minecraft:damage_blocked_by_shield":140,"minecraft:drop":155,"minecraft:talked_to_villager":2,"minecraft:play_time":384049,"minecraft:deaths":1,"minecraft:jump":8660,"minecraft:walk_on_water_one_cm":33454,"minecraft:interact_with_furnace":86,"minecraft:sleep_in_bed":18,"minecraft:damage_dealt":12437,"minecraft:crouch_one_cm":101909,"minecraft:interact_with_smoker":1,"minecraft:mob_kills":96,"minecraft:climb_one_cm":804,"minecraft:walk_one_cm":785131,"minecraft:sneak_time":31045,"minecraft:walk_under_water_one_cm":45649,"minecraft:total_world_time":384049,"minecraft:interact_with_stonecutter":1,"minecraft:time_since_rest":11143,"minecraft:damage_taken":3474,"minecraft:swim_one_cm":61190,"minecraft:fly_one_cm":2135237,"minecraft:open_chest":87,"minecraft:fall_one_cm":223852},"minecraft:used":{"minecraft:cherry_sapling":8,"minecraft:iron_shovel":613,"minecraft:oak_sign":3,"minecraft:shield":5,"minecraft:chest":9,"minecraft:white_terracotta":3,"minecraft:iron_sword":14,"minecraft:iron_chestplate":1,"minecraft:carrot":10,"minecraft:snowball":1,"minecraft:milk_bucket":1,"minecraft:cyan_terracotta":12,"minecraft:lava_bucket":1,"minecraft:birch_sapling":3,"minecraft:iron_helmet":1,"minecraft:hay_block":1,"minecraft:sweet_berries":125,"minecraft:furnace":10,"minecraft:oak_sapling":25,"minecraft:potato":18,"minecraft:diorite":18,"minecraft:spruce_door":1,"minecraft:stone_pickaxe":130,"minecraft:wooden_pickaxe":28,"minecraft:sugar_cane":13,"minecraft:glow_berries":7,"minecraft:bread":30,"minecraft:cherry_sign":3,"minecraft:gravel":67,"minecraft:cherry_boat":1,"minecraft:oak_trapdoor":4,"minecraft:stone_sword":161,"minecraft:stone_shovel":652,"minecraft:spruce_planks":16,"minecraft:cooked_salmon":15,"minecraft:stone_hoe":179,"minecraft:cooked_chicken":2,"minecraft:torch":70,"minecraft:dirt":317,"minecraft:hopper":1,"minecraft:granite":1,"minecraft:iron_axe":157,"minecraft:cherry_slab":2,"minecraft:cooked_beef":6,"minecraft:wheat_seeds":25,"minecraft:cooked_mutton":2,"minecraft:water_bucket":27,"minecraft:cobblestone_stairs":1,"minecraft:cherry_planks":1,"minecraft:stonecutter":1,"minecraft:crafting_table":14,"minecraft:white_bed":8,"minecraft:spruce_log":1,"minecraft:blue_stained_glass_pane":1,"minecraft:apple":2,"minecraft:iron_pickaxe":507,"minecraft:spruce_sapling":4,"minecraft:stone_axe":80,"minecraft:pink_petals":4,"minecraft:chiseled_stone_bricks":1,"minecraft:cobblestone":7,"minecraft:cherry_stairs":1,"minecraft:purple_bed":12,"minecraft:cooked_porkchop":6,"minecraft:bucket":29,"minecraft:brush":9},"minecraft:picked_up":{"minecraft:wheat":12,"minecraft:lead":2,"minecraft:music_disc_cat":2,"minecraft:string":4,"minecraft:raw_copper":33,"minecraft:cooked_salmon":2,"minecraft:blue_stained_glass_pane":1,"minecraft:oak_sign":3,"minecraft:cherry_boat":1,"minecraft:spruce_planks":2,"minecraft:azalea":2,"minecraft:iron_pickaxe":1,"minecraft:furnace":9,"minecraft:stick":36,"minecraft:big_dripleaf":12,"minecraft:torch":45,"minecraft:porkchop":10,"minecraft:cherry_log":39,"minecraft:diorite":18,"minecraft:rotten_flesh":27,"minecraft:cyan_terracotta":33,"minecraft:white_terracotta":60,"minecraft:spruce_hanging_sign":1,"minecraft:host_armor_trim_smithing_template":2,"minecraft:cobblestone":252,"minecraft:birch_log":39,"minecraft:pink_petals":17,"minecraft:feather":7,"minecraft:raiser_armor_trim_smithing_template":2,"minecraft:cherry_planks":1,"minecraft:water_bucket":3,"minecraft:andesite":6,"minecraft:flint":18,"minecraft:danger_pottery_sherd":4,"minecraft:dirt":822,"minecraft:lapis_lazuli":16,"minecraft:bone":16,"minecraft:wheat_seeds":61,"minecraft:raw_gold":2,"minecraft:moss_block":12,"minecraft:oak_planks":2,"minecraft:stone_hoe":3,"minecraft:sand":128,"minecraft:mossy_cobblestone":1,"minecraft:light_gray_terracotta":17,"minecraft:granite":31,"minecraft:oak_sapling":34,"minecraft:cherry_slab":6,"minecraft:coarse_dirt":22,"minecraft:crafting_table":14,"minecraft:chicken":2,"minecraft:brown_mushroom":2,"minecraft:oak_trapdoor":7,"minecraft:moss_carpet":2,"minecraft:beef":5,"minecraft:poppy":2,"minecraft:light_gray_wool":2,"minecraft:sugar_cane":13,"minecraft:chest":3,"minecraft:birch_sapling":6,"minecraft:raw_iron":86,"minecraft:cherry_stairs":5,"minecraft:music_disc_relic":1,"minecraft:carrot":9,"minecraft:redstone":2,"minecraft:howl_pottery_sherd":1,"minecraft:purple_candle":1,"minecraft:arrow":6,"minecraft:stone_shovel":2,"minecraft:hay_block":17,"minecraft:glow_berries":12,"minecraft:mutton":2,"minecraft:white_wool":16,"minecraft:heartbreak_pottery_sherd":1,"minecraft:mud_bricks":1,"minecraft:glow_ink_sac":4,"minecraft:salmon":26,"minecraft:leather":5,"minecraft:oak_log":81,"minecraft:gunpowder":16,"minecraft:cobblestone_stairs":2,"minecraft:apple":3,"minecraft:light_gray_glazed_terracotta":15,"minecraft:spore_blossom":2,"minecraft:iron_ingot":14,"minecraft:stone_pickaxe":1,"minecraft:cherry_sign":3,"minecraft:flowering_azalea":1,"minecraft:pumpkin":30,"minecraft:sweet_berries":91,"minecraft:chiseled_stone_bricks":1,"minecraft:dandelion":1,"minecraft:gravel":404,"minecraft:lava_bucket":1,"minecraft:spruce_sapling":4,"minecraft:white_bed":7,"minecraft:spruce_log":16,"minecraft:spruce_door":2,"minecraft:spider_eye":3,"minecraft:purple_bed":12,"minecraft:slime_ball":2,"minecraft:stone_axe":1,"minecraft:cherry_sapling":19,"minecraft:gray_wool":1,"minecraft:coal":98,"minecraft:hopper":1},"minecraft:killed":{"minecraft:spider":7,"minecraft:skeleton":3,"minecraft:chicken":2,"minecraft:pig":4,"minecraft:salmon":32,"minecraft:creeper":5,"minecraft:sheep":2,"minecraft:trader_llama":2,"minecraft:pillager":1,"minecraft:zombie":34,"minecraft:cow":2,"minecraft:slime":2},"minecraft:dropped":{"minecraft:iron_sword":1,"minecraft:brown_mushroom":2,"minecraft:oak_log":2,"minecraft:cooked_porkchop":3,"minecraft:leather":2,"minecraft:flint":18,"minecraft:cobblestone_stairs":5,"minecraft:cyan_terracotta":21,"minecraft:dirt":1,"minecraft:brush":1,"minecraft:snowball":1,"minecraft:iron_pickaxe":1,"minecraft:white_wool":8,"minecraft:danger_pottery_sherd":1,"minecraft:gravel":229,"minecraft:cherry_stairs":4,"minecraft:rotten_flesh":38,"minecraft:oak_planks":30,"minecraft:poppy":2,"minecraft:gunpowder":1,"minecraft:raiser_armor_trim_smithing_template":1,"minecraft:arrow":1,"minecraft:stone_hoe":2,"minecraft:iron_ingot":5,"minecraft:bread":2,"minecraft:wheat_seeds":27,"minecraft:mossy_cobblestone":1,"minecraft:iron_helmet":1,"minecraft:cobblestone":3,"minecraft:light_gray_glazed_terracotta":15,"minecraft:granite":30,"minecraft:spruce_door":4,"minecraft:coal":1,"minecraft:stick":10,"minecraft:spruce_hanging_sign":1,"minecraft:gray_wool":1,"minecraft:cherry_planks":28,"minecraft:cooked_salmon":5,"minecraft:iron_leggings":1,"minecraft:iron_axe":1,"minecraft:dandelion":1,"minecraft:moss_carpet":2,"minecraft:sweet_berries":10,"minecraft:coarse_dirt":22,"minecraft:stone_sword":1,"minecraft:raw_copper":8,"minecraft:light_gray_terracotta":17,"minecraft:stone_shovel":2,"minecraft:light_gray_wool":2,"minecraft:iron_boots":1,"minecraft:white_terracotta":1,"minecraft:pumpkin_seeds":1,"minecraft:mud_bricks":1,"minecraft:shield":1,"minecraft:spruce_planks":1,"minecraft:iron_chestplate":1,"minecraft:wooden_pickaxe":1,"minecraft:stone_pickaxe":2,"minecraft:purple_candle":1},"minecraft:mined":{"minecraft:white_bed":9,"minecraft:cherry_log":39,"minecraft:cobblestone_stairs":2,"minecraft:cave_vines_plant":1,"minecraft:granite":15,"minecraft:grass_block":535,"minecraft:mud_bricks":19,"minecraft:chiseled_stone_bricks":1,"minecraft:iron_ore":54,"minecraft:fire":2,"minecraft:pumpkin":6,"minecraft:moss_carpet":2,"minecraft:cave_vines":1,"minecraft:azalea":1,"minecraft:brown_mushroom":1,"minecraft:cyan_terracotta":43,"minecraft:light_gray_terracotta":17,"minecraft:torch":11,"minecraft:mud_brick_stairs":1,"minecraft:chest":1,"minecraft:cobblestone":17,"minecraft:sugar_cane":8,"minecraft:wall_torch":1,"minecraft:birch_sapling":3,"minecraft:pink_petals":8,"minecraft:white_terracotta":32,"minecraft:light_gray_glazed_terracotta":16,"minecraft:birch_log":39,"minecraft:wheat":8,"minecraft:oak_log":72,"minecraft:sand":128,"minecraft:dirt":204,"minecraft:oak_leaves":6,"minecraft:suspicious_gravel":8,"minecraft:mossy_cobblestone":1,"minecraft:spruce_leaves":14,"minecraft:moss_block":12,"minecraft:large_fern":5,"minecraft:hay_block":17,"minecraft:spore_blossom":2,"minecraft:oak_trapdoor":3,"minecraft:spruce_sapling":1,"minecraft:furnace":8,"minecraft:carrots":6,"minecraft:andesite":9,"minecraft:big_dripleaf_stem":3,"minecraft:deepslate_iron_ore":1,"minecraft:stone":240,"minecraft:cherry_stairs":1,"minecraft:flowering_azalea":1,"minecraft:cherry_planks":1,"minecraft:dandelion":2,"minecraft:crafting_table":13,"minecraft:short_grass":126,"minecraft:copper_ore":8,"minecraft:tall_grass":57,"minecraft:lapis_ore":1,"minecraft:diorite":22,"minecraft:big_dripleaf":1,"minecraft:purple_bed":12,"minecraft:coarse_dirt":40,"minecraft:sweet_berry_bush":47,"minecraft:ice":5,"minecraft:spruce_log":16,"minecraft:yellow_bed":1,"minecraft:coal_ore":96,"minecraft:cherry_leaves":12,"minecraft:gravel":468,"minecraft:gold_ore":1,"minecraft:fern":4},"minecraft:crafted":{"minecraft:oak_planks":104,"minecraft:cherry_slab":6,"minecraft:cooked_chicken":2,"minecraft:stone":32,"minecraft:cobblestone_stairs":4,"minecraft:cooked_mutton":2,"minecraft:glass":128,"minecraft:iron_boots":2,"minecraft:chest":6,"minecraft:stone_hoe":2,"minecraft:cooked_porkchop":9,"minecraft:crafting_table":2,"minecraft:spruce_planks":60,"minecraft:wooden_pickaxe":1,"minecraft:iron_helmet":2,"minecraft:brush":1,"minecraft:spruce_door":3,"minecraft:copper_ingot":1,"minecraft:iron_chestplate":2,"minecraft:charcoal":16,"minecraft:shield":2,"minecraft:stick":44,"minecraft:iron_ingot":33,"minecraft:iron_pickaxe":4,"minecraft:stone_sword":2,"minecraft:shears":1,"minecraft:cherry_planks":52,"minecraft:stone_shovel":5,"minecraft:furnace":2,"minecraft:iron_axe":2,"minecraft:cherry_stairs":4,"minecraft:stone_pickaxe":2,"minecraft:wheat":144,"minecraft:cooked_beef":6,"minecraft:iron_sword":2,"minecraft:cooked_salmon":18,"minecraft:bucket":3,"minecraft:stone_axe":1,"minecraft:bread":51,"minecraft:air":0,"minecraft:iron_shovel":3,"minecraft:iron_leggings":2,"minecraft:stonecutter":1,"minecraft:white_bed":4,"minecraft:torch":32},"minecraft:killed_by":{"minecraft:creeper":1},"minecraft:broken":{"minecraft:iron_shovel":1,"minecraft:stone_pickaxe":1,"minecraft:stone_axe":1,"minecraft:stone_shovel":4,"minecraft:stone_sword":1,"minecraft:stone_hoe":1,"minecraft:iron_pickaxe":2}},"DataVersion":4082}