{"stats":{"minecraft:picked_up":{"minecraft:raw_iron":3,"minecraft:crafting_table":5,"minecraft:feather":4,"minecraft:chicken":2,"minecraft:pumpkin":6,"minecraft:salmon":14,"minecraft:brown_mushroom":1,"minecraft:torch":3,"minecraft:gunpowder":1,"minecraft:diorite":18,"minecraft:spruce_log":9,"minecraft:dirt":34,"minecraft:cooked_salmon":2,"minecraft:granite":12,"minecraft:stone_pickaxe":1,"minecraft:sugar_cane":13,"minecraft:mutton":2,"minecraft:coal":26,"minecraft:white_wool":2,"minecraft:cobblestone":67,"minecraft:furnace":3},"minecraft:used":{"minecraft:cooked_mutton":2,"minecraft:diorite":18,"minecraft:stone_sword":29,"minecraft:stone_pickaxe":130,"minecraft:iron_pickaxe":4,"minecraft:cooked_salmon":7,"minecraft:spruce_planks":16,"minecraft:wooden_pickaxe":25,"minecraft:sugar_cane":4,"minecraft:cooked_chicken":2,"minecraft:torch":10,"minecraft:dirt":19,"minecraft:crafting_table":4,"minecraft:furnace":4,"minecraft:spruce_log":1},"minecraft:custom":{"minecraft:time_since_rest":48000,"minecraft:interact_with_furnace":24,"minecraft:sprint_one_cm":102236,"minecraft:damage_taken":594,"minecraft:walk_one_cm":159915,"minecraft:mob_kills":21,"minecraft:drop":6,"minecraft:damage_dealt":1315,"minecraft:swim_one_cm":29858,"minecraft:fly_one_cm":244656,"minecraft:interact_with_crafting_table":8,"minecraft:crouch_one_cm":7579,"minecraft:play_time":48000,"minecraft:sneak_time":3463,"minecraft:walk_under_water_one_cm":24934,"minecraft:jump":929,"minecraft:walk_on_water_one_cm":7008,"minecraft:time_since_death":48000,"minecraft:total_world_time":48000,"minecraft:fall_one_cm":14569},"minecraft:dropped":{"minecraft:cooked_salmon":5,"minecraft:stone_pickaxe":1},"minecraft:killed":{"minecraft:sheep":2,"minecraft:zombie":1,"minecraft:chicken":2,"minecraft:salmon":15,"minecraft:creeper":1},"minecraft:mined":{"minecraft:brown_mushroom":1,"minecraft:furnace":3,"minecraft:iron_ore":3,"minecraft:ice":2,"minecraft:pumpkin":6,"minecraft:spruce_log":9,"minecraft:torch":1,"minecraft:crafting_table":5,"minecraft:granite":12,"minecraft:grass_block":6,"minecraft:coal_ore":26,"minecraft:dirt":14,"minecraft:spruce_leaves":4,"minecraft:stone":69,"minecraft:sugar_cane":8,"minecraft:diorite":18,"minecraft:wall_torch":1,"minecraft:fern":1},"minecraft:crafted":{"minecraft:crafting_table":1,"minecraft:stick":12,"minecraft:spruce_planks":32,"minecraft:iron_pickaxe":1,"minecraft:iron_ingot":3,"minecraft:wooden_pickaxe":1,"minecraft:cooked_chicken":2,"minecraft:stone_pickaxe":1,"minecraft:stone_sword":1,"minecraft:furnace":1,"minecraft:cooked_salmon":11,"minecraft:torch":16,"minecraft:cooked_mutton":2,"minecraft:air":0},"minecraft:broken":{"minecraft:stone_pickaxe":1}},"DataVersion":4082}